"ttl","ttl href"
"ЗАКОН ЗА ФУРАЖИТЕ","https://www.ciela.net/svobodna-zona-normativi/view/2135531693/zakon-za-furazhite"
"ЗАКОН ЗА ЗАЩИТЕНИТЕ ТЕРИТОРИИ","https://www.ciela.net/svobodna-zona-normativi/view/2134445060/zakon-za-zashtitenite-teritorii"
"ЗАКОН ЗА БАНКОВАТА НЕСЪСТОЯТЕЛНОСТ","https://www.ciela.net/svobodna-zona-normativi/view/2135458119/zakon-za-bankovata-nesastoyatelnost"
"ЗАКОН ЗА АДВОКАТУРАТА","https://www.ciela.net/svobodna-zona-normativi/view/2135486731/zakon-za-advokaturata"
"ЗАКОН ЗА ОБЩИНСКАТА СОБСТВЕНОСТ","https://www.ciela.net/svobodna-zona-normativi/view/2133874691/zakon-za-obshtinskata-sobstvenost"
"ЗАКОН ЗА ДЪРЖАВНАТА СОБСТВЕНОСТ","https://www.ciela.net/svobodna-zona-normativi/view/2133874689/zakon-za-darzhavnata-sobstvenost"
"ЗАКОН ЗА УПРАВЛЕНИЕ НА ЕТАЖНАТА СОБСТВЕНОСТ","https://www.ciela.net/svobodna-zona-normativi/view/2135614516/zakon-za-upravlenie-na-etazhnata-sobstvenost"
"ЗАКОН ЗА ЛИХВИТЕ ВЪРХУ ДАНЪЦИ, ТАКСИ И ДРУГИ ПОДОБНИ ДЪРЖАВНИ ВЗЕМАНИЯ","https://www.ciela.net/svobodna-zona-normativi/view/2123675140/zakon-za-lihvite-varhu-danatsi-taksi-i-drugi-podobni-darzhavni-vzemaniya"
"ЗАКОН ЗА ПРЕМИНАВАНЕТО ПРЕЗ И ПРЕБИВАВАНЕТО НА ТЕРИТОРИЯТА НА РЕПУБЛИКА БЪЛГАРИЯ НА СЪЮЗНИЧЕСКИ И НА ЧУЖДИ ВЪОРЪЖЕНИ СИЛИ","https://www.ciela.net/svobodna-zona-normativi/view/2135514078/zakon-za-preminavaneto-prez-i-prebivavaneto-na-teritoriyata-na-republika-balgariya-na-sayuznicheski-i-na-chuzhdi-vaorazheni-sili"
"ЗАКОН ЗА СТАТИСТИКАТА","https://www.ciela.net/svobodna-zona-normativi/view/2134668297/zakon-za-statistikata"
"ЗАКОН ЗА МЕСТНОТО САМОУПРАВЛЕНИЕ И МЕСТНАТА АДМИНИСТРАЦИЯ","https://www.ciela.net/svobodna-zona-normativi/view/2132580865/zakon-za-mestnoto-samoupravlenie-i-mestnata-administratsiya"
"ЗАКОН ЗА ОГРАНИЧАВАНЕ НА ПЛАЩАНИЯТА В БРОЙ","https://www.ciela.net/svobodna-zona-normativi/view/2135718725/zakon-za-ogranichavane-na-plashtaniyata-v-broy"
"ЗАКОН ЗА АМНИСТИЯ И ЗА ОСВОБОЖДАВАНЕ ОТ ИЗТЪРПЯВАНЕ НА НАЛОЖЕНИ НАКАЗАНИЯ","https://www.ciela.net/svobodna-zona-normativi/view/2132282880/zakon-za-amnistiya-i-za-osvobozhdavane-ot-iztarpyavane-na-nalozheni-nakazaniya"
"ЗАКОН ЗА ПОДЗЕМНИТЕ БОГАТСТВА","https://www.ciela.net/svobodna-zona-normativi/view/2134650880/zakon-za-podzemnite-bogatstva"
"ЗАКОН ЗА ЕКСТРАДИЦИЯТА И ЕВРОПЕЙСКАТА ЗАПОВЕД ЗА АРЕСТ","https://www.ciela.net/svobodna-zona-normativi/view/2135504378/zakon-za-ekstraditsiyata-i-evropeyskata-zapoved-za-arest"
"ЗАКОН ЗА СЪСЛОВНИТЕ ОРГАНИЗАЦИИ НА МЕДИЦИНСКИТЕ СЕСТРИ, АКУШЕРКИТЕ И АСОЦИИРАНИТЕ МЕДИЦИНСКИ СПЕЦИАЛИСТИ, НА ЛЕКАРСКИТЕ АСИСТЕНТИ, НА ЗЪБОТЕХНИЦИТЕ И НА ПОМОЩНИК-ФАРМАЦЕВТИТЕ (ЗАГЛ. ИЗМ. - ДВ, БР. 91 ОТ 2018 Г., ИЗМ. - ДВ, БР. 39 ОТ 2024 Г., В СИЛА О","https://www.ciela.net/svobodna-zona-normativi/view/2135504377/zakon-za-saslovnite-organizatsii-na-meditsinskite-sestri-akusherkite-i-asotsiiranite-meditsinski-spetsialisti-na-lekarskite-asistenti-na-zabotehnitsite-i-na-pomoshtnik-farmatsevtite-(zagl-izm---dv-br-91-ot-2018-g-izm---dv-br-39-ot-2024-g-v-sila-o"
"ЗАКОН ЗА СОЦИАЛНО ПОДПОМАГАНЕ","https://www.ciela.net/svobodna-zona-normativi/view/2134405633/zakon-za-sotsialno-podpomagane"
"ЗАКОН ЗА ДАНЪК ВЪРХУ ЗАСТРАХОВАТЕЛНИТЕ ПРЕМИИ","https://www.ciela.net/svobodna-zona-normativi/view/2135701313/zakon-za-danak-varhu-zastrahovatelnite-premii"
"ЗАКОН ЗА ОТТЕГЛЯНЕ НА РЕЗЕРВИ И ДЕКЛАРАЦИИ ПО МЕЖДУНАРОДНИ КОНВЕНЦИИ ОТНОСНО ЗАДЪЛЖИТЕЛНАТА ЮРИСДИКЦИЯ НА МЕЖДУНАРОДНИЯ СЪД И НА МЕЖДУНАРОДНИЯ АРБИТРАЖ","https://www.ciela.net/svobodna-zona-normativi/view/2133331969/zakon-za-otteglyane-na-rezervi-i-deklaratsii-po-mezhdunarodni-konventsii-otnosno-zadalzhitelnata-yurisdiktsiya-na-mezhdunarodniya-sad-i-na-mezhdunarodniya-arbitrazh"
"ЗАКОН ЗА ФИНАНСОВОТО УПРАВЛЕНИЕ И КОНТРОЛ В ПУБЛИЧНИЯ СЕКТОР","https://www.ciela.net/svobodna-zona-normativi/view/2135517848/zakon-za-finansovoto-upravlenie-i-kontrol-v-publichniya-sektor"
"ЗАКОН ЗА СТОКОВИТЕ БОРСИ И ТЪРЖИЩАТА","https://www.ciela.net/svobodna-zona-normativi/view/2133897735/zakon-za-stokovite-borsi-i-tarzhishtata"
"ЗАКОН ЗА ОСОБЕНИТЕ ЗАЛОЗИ","https://www.ciela.net/svobodna-zona-normativi/view/2133897734/zakon-za-osobenite-zalozi"
"ЗАКОН ЗА НОТАРИУСИТЕ И НОТАРИАЛНАТА ДЕЙНОСТ (ЗАГЛ. ИЗМ. - ДВ, БР. 123 ОТ 1997 Г.)","https://www.ciela.net/svobodna-zona-normativi/view/2133897733/zakon-za-notariusite-i-notarialnata-deynost-(zagl-izm---dv-br-123-ot-1997-g)"
"ЗАКОН ЗА АМНИСТИЯ ОТ 1984 Г.","https://www.ciela.net/svobodna-zona-normativi/view/2130728960/zakon-za-amnistiya-ot-1984-g"
"ЗАКОН ЗА РЕГИОНАЛНОТО РАЗВИТИЕ","https://www.ciela.net/svobodna-zona-normativi/view/2135589285/zakon-za-regionalnoto-razvitie"
"ЗАКОН ЗА РАЗВИТИЕТО НА АКАДЕМИЧНИЯ СЪСТАВ В РЕПУБЛИКА БЪЛГАРИЯ","https://www.ciela.net/svobodna-zona-normativi/view/2135680028/zakon-za-razvitieto-na-akademichniya-sastav-v-republika-balgariya"
"ЗАКОН ЗА ПОТРЕБИТЕЛСКИЯ КРЕДИТ","https://www.ciela.net/svobodna-zona-normativi/view/2135666506/zakon-za-potrebitelskiya-kredit"
"ЗАКОН ЗА ДЪРЖАВНИЯ БЮДЖЕТ НА РЕПУБЛИКА БЪЛГАРИЯ ЗА 2011 Г.","https://www.ciela.net/svobodna-zona-normativi/view/2135708982/zakon-za-darzhavniya-byudzhet-na-republika-balgariya-za-2011-g"
"ЗАКОН ЗА УРЕЖДАНЕ ПРАВАТА НА КУПУВАЧИ НА НЕДВИЖИМИ ИМОТИ С ЧАСТНИ ДОГОВОРИ","https://www.ciela.net/svobodna-zona-normativi/view/2121095169/zakon-za-urezhdane-pravata-na-kupuvachi-na-nedvizhimi-imoti-s-chastni-dogovori"
"ЗАКОН ЗА АДМИНИСТРАТИВНОТО РЕГУЛИРАНЕ НА ПРОИЗВОДСТВОТО НА ОПТИЧНИ ДИСКОВЕ И МАТРИЦИ (ЗАГЛ. ИЗМ. - ДВ, БР. 26 ОТ 2020 Г.)","https://www.ciela.net/svobodna-zona-normativi/view/2135510075/zakon-za-administrativnoto-regulirane-na-proizvodstvoto-na-optichni-diskove-i-matritsi-(zagl-izm---dv-br-26-ot-2020-g)"
"ЗАКОН ЗА ЗАЩИТА ОТ ШУМА В ОКОЛНАТА СРЕДА","https://www.ciela.net/svobodna-zona-normativi/view/2135510077/zakon-za-zashtita-ot-shuma-v-okolnata-sreda"
"ЗАКОН ЗА АВТОРСКОТО ПРАВО И СРОДНИТЕ МУ ПРАВА","https://www.ciela.net/svobodna-zona-normativi/view/2133094401/zakon-za-avtorskoto-pravo-i-srodnite-mu-prava"
"ЗАКОН ЗА КОНЦЕСИИТЕ ОТ 2006 Г.","https://www.ciela.net/svobodna-zona-normativi/view/2135523562/zakon-za-kontsesiite-ot-2006-g"
"ЗАКОН ЗА ПРЕБРОЯВАНЕ НА ЗЕМЕДЕЛСКИТЕ СТОПАНСТВА В РЕПУБЛИКА БЪЛГАРИЯ ПРЕЗ 2003 Г.","https://www.ciela.net/svobodna-zona-normativi/view/2135463718/zakon-za-prebroyavane-na-zemedelskite-stopanstva-v-republika-balgariya-prez-2003-g"
"ЗАКОН ЗА ДЪРЖАВНИТЕ ТАКСИ","https://www.ciela.net/svobodna-zona-normativi/view/2122108929/zakon-za-darzhavnite-taksi"
"ЗАКОН ЗА ОМБУДСМАНА","https://www.ciela.net/svobodna-zona-normativi/view/2135467520/zakon-za-ombudsmana"
"ЗАКОН ЗА ПРОФЕСИОНАЛНОТО ОБРАЗОВАНИЕ И ОБУЧЕНИЕ","https://www.ciela.net/svobodna-zona-normativi/view/2134673921/zakon-za-profesionalnoto-obrazovanie-i-obuchenie"
"ЗАКОН ЗА ДАНЪЦИТЕ ВЪРХУ ДОХОДИТЕ НА ФИЗИЧЕСКИТЕ ЛИЦА","https://www.ciela.net/svobodna-zona-normativi/view/2135538631/zakon-za-danatsite-varhu-dohodite-na-fizicheskite-litsa"
"ЗАКОН ЗА ОБЩИНСКИЯ ДЪЛГ","https://www.ciela.net/svobodna-zona-normativi/view/2135501941/zakon-za-obshtinskiya-dalg"
"ЗАКОН ЗА ПУБЛИЧНОСТ НА ИМУЩЕСТВОТО НА ЛИЦА, ЗАЕМАЩИ ВИСШИ ДЪРЖАВНИ И ДРУГИ ДЛЪЖНОСТИ (ЗАГЛ. ИЗМ. - ДВ, БР. 30 ОТ 2013 Г., В СИЛА ОТ 26.03.2013 Г., ИЗМ. - ДВ, БР. 71 ОТ 2013 Г., В СИЛА ОТ 13.08.2013 Г.) ОТ 2000 Г.","https://www.ciela.net/svobodna-zona-normativi/view/2134920704/zakon-za-publichnost-na-imushtestvoto-na-litsa-zaemashti-visshi-darzhavni-i-drugi-dlazhnosti-(zagl-izm---dv-br-30-ot-2013-g-v-sila-ot-26032013-g-izm---dv-br-71-ot-2013-g-v-sila-ot-13082013-g)-ot-2000-g"
"ЗАКОН ЗА ПОДПОМАГАНЕ И ФИНАНСОВА КОМПЕНСАЦИЯ НА ПОСТРАДАЛИ ОТ ПРЕСТЪПЛЕНИЯ","https://www.ciela.net/svobodna-zona-normativi/view/2135540550/zakon-za-podpomagane-i-finansova-kompensatsiya-na-postradali-ot-prestapleniya"
"ЗАКОН ЗА БЕЗМИТНАТА ТЪРГОВИЯ","https://www.ciela.net/svobodna-zona-normativi/view/2135540546/zakon-za-bezmitnata-targoviya"
"ЗАКОН ЗА ДАНЪК ВЪРХУ ДОБАВЕНАТА СТОЙНОСТ","https://www.ciela.net/svobodna-zona-normativi/view/2135533201/zakon-za-danak-varhu-dobavenata-stoynost"
"ЗАКОН ЗА ИНСПЕКТИРАНЕ НА ТРУДА","https://www.ciela.net/svobodna-zona-normativi/view/2135607843/zakon-za-inspektirane-na-truda"
"ЗАКОН ЗА НАЦИОНАЛНАТА СИСТЕМА ЗА СПЕШНИ ПОВИКВАНИЯ С ЕДИНЕН ЕВРОПЕЙСКИ НОМЕР 112","https://www.ciela.net/svobodna-zona-normativi/view/2135607842/zakon-za-natsionalnata-sistema-za-speshni-povikvaniya-s-edinen-evropeyski-nomer-112"
"ЗАКОН ЗА ВЪТРЕШНИЯ ОДИТ В ПУБЛИЧНИЯ СЕКТОР","https://www.ciela.net/svobodna-zona-normativi/view/2135519287/zakon-za-vatreshniya-odit-v-publichniya-sektor"
"ЗАКОН ЗА АМНИСТИЯ ОТ 2009 Г.","https://www.ciela.net/svobodna-zona-normativi/view/2135627422/zakon-za-amnistiya-ot-2009-g"
"ЗАКОН ЗА ЧУЖДЕНЦИТЕ В РЕПУБЛИКА БЪЛГАРИЯ","https://www.ciela.net/svobodna-zona-normativi/view/2134455296/zakon-za-chuzhdentsite-v-republika-balgariya"
"ЗАКОН ЗА БЕЗОПАСНО ИЗПОЛЗВАНЕ НА ЯДРЕНАТА ЕНЕРГИЯ","https://www.ciela.net/svobodna-zona-normativi/view/2135455545/zakon-za-bezopasno-izpolzvane-na-yadrenata-energiya"
"ЗАКОН ЗА ЗДРАВНОТО ОСИГУРЯВАНЕ","https://www.ciela.net/svobodna-zona-normativi/view/2134412800/zakon-za-zdravnoto-osiguryavane"
"ЗАКОН ЗА ТЕХНИЧЕСКИТЕ ИЗИСКВАНИЯ КЪМ ПРОДУКТИТЕ","https://www.ciela.net/svobodna-zona-normativi/view/2134683136/zakon-za-tehnicheskite-iziskvaniya-kam-produktite"
"ЗАКОН ЗА ПРЕДОСТАВЯНЕ НА ПОМОЩ ЗА ОЗДРАВЯВАНЕ НА ""ХОЛДИНГ БЪЛГАРСКИ ДЪРЖАВНИ ЖЕЛЕЗНИЦИ"" - ЕАД","https://www.ciela.net/svobodna-zona-normativi/view/2135727801/zakon-za-predostavyane-na-pomosht-za-ozdravyavane-na-"
"ЗАКОН ЗА НАЦИОНАЛНАТА АГЕНЦИЯ ЗА ПРИХОДИТЕ","https://www.ciela.net/svobodna-zona-normativi/view/2135461320/zakon-za-natsionalnata-agentsiya-za-prihodite"
"ЗАКОН ЗА ЧАСТНИТЕ СЪДЕБНИ ИЗПЪЛНИТЕЛИ","https://www.ciela.net/svobodna-zona-normativi/view/2135503796/zakon-za-chastnite-sadebni-izpalniteli"
"ЗАКОН ЗА ЗАЩИТА НА ЖИВОТНИТЕ","https://www.ciela.net/svobodna-zona-normativi/view/2135579104/zakon-za-zashtita-na-zhivotnite"
"ЗАКОН ЗА ВОЕННИТЕ ПАМЕТНИЦИ","https://www.ciela.net/svobodna-zona-normativi/view/2135579103/zakon-za-voennite-pametnitsi"
"ЗАКОН ЗА ПРИЗНАВАНЕ НА ПРОФЕСИОНАЛНИ КВАЛИФИКАЦИИ","https://www.ciela.net/svobodna-zona-normativi/view/2135579101/zakon-za-priznavane-na-profesionalni-kvalifikatsii"
"ЗАКОН ЗА НАСЛЕДСТВОТО","https://www.ciela.net/svobodna-zona-normativi/view/2121542657/zakon-za-nasledstvoto"
"ЗАКОН ЗА МЕРКИТЕ СРЕЩУ ИЗПИРАНЕТО НА ПАРИ ОТ 1998 Г.","https://www.ciela.net/svobodna-zona-normativi/view/2134420482/zakon-za-merkite-sreshtu-izpiraneto-na-pari-ot-1998-g"
"ЗАКОН ЗА БЪЛГАРСКИЯ ЧЕРВЕН КРЪСТ","https://www.ciela.net/svobodna-zona-normativi/view/2133634561/zakon-za-balgarskiya-cherven-krast"
"ЗАКОН ЗА ПРИЕМАНЕ НА ДЕКЛАРАЦИЯ ПО СМИСЪЛА НА ЧЛ. ХІ, РАЗДЕЛ 43 ОТ КОНВЕНЦИЯТА НА ООН ЗА ПРИВИЛЕГИИТЕ И ИМУНИТЕТИТЕ НА СПЕЦИАЛИЗИРАНИТЕ ОРГАНИЗАЦИИ ЗА РАЗШИРЯВАНЕ ПРИЛАГАНЕТО НА КОНВЕНЦИЯТА ПО ОТНОШЕНИЕ НА СВЕТОВНАТА ОРГАНИЗАЦИЯ ПО ТУРИЗЪМ","https://www.ciela.net/svobodna-zona-normativi/view/2135685282/zakon-za-priemane-na-deklaratsiya-po-smisala-na-chl-h%D0%86-razdel-43-ot-konventsiyata-na-oon-za-privilegiite-i-imunitetite-na-spetsializiranite-organizatsii-za-razshiryavane-prilaganeto-na-konventsiyata-po-otnoshenie-na-svetovnata-organizatsiya-po-turizam"
"ЗАКОН ЗА ПРИЗНАВАНЕ, ИЗПЪЛНЕНИЕ, ПОСТАНОВЯВАНЕ И ИЗПРАЩАНЕ НА АКТОВЕ ЗА ОБЕЗПЕЧАВАНЕ НА ИМУЩЕСТВО (ЗАГЛ. ИЗМ. - ДВ, БР. 16 ОТ 2018 Г., ИЗМ. - ДВ, БР. 56 ОТ 2022 Г.)","https://www.ciela.net/svobodna-zona-normativi/view/2135532724/zakon-za-priznavane-izpalnenie-postanovyavane-i-izprashtane-na-aktove-za-obezpechavane-na-imushtestvo-(zagl-izm---dv-br-16-ot-2018-g-izm---dv-br-56-ot-2022-g)"
"ЗАКОН ЗА КРЕДИТНИТЕ ИНСТИТУЦИИ","https://www.ciela.net/svobodna-zona-normativi/view/2135532723/zakon-za-kreditnite-institutsii"
"ЗАКОН ЗА ДОПЪЛНИТЕЛНИЯ НАДЗОР ВЪРХУ ФИНАНСОВИТЕ КОНГЛОМЕРАТИ","https://www.ciela.net/svobodna-zona-normativi/view/2135532718/zakon-za-dopalnitelniya-nadzor-varhu-finansovite-konglomerati"
"ЗАКОН ЗА КАДАСТЪРА И ИМОТНИЯ РЕГИСТЪР","https://www.ciela.net/svobodna-zona-normativi/view/2134918656/zakon-za-kadastara-i-imotniya-registar"
"ЗАКОН ЗА ВОДИТЕ","https://www.ciela.net/svobodna-zona-normativi/view/2134673412/zakon-za-vodite"
"ЗАКОН ЗА СТЕПЕНТА НА ОБРАЗОВАНИЕ, ОБЩООБРАЗОВАТЕЛНИЯ МИНИМУМ И УЧЕБНИЯ ПЛАН","https://www.ciela.net/svobodna-zona-normativi/view/2134673411/zakon-za-stepenta-na-obrazovanie-obshtoobrazovatelniya-minimum-i-uchebniya-plan"
"ЗАКОН ЗА ГРАЖДАНСКАТА РЕГИСТРАЦИЯ","https://www.ciela.net/svobodna-zona-normativi/view/2134673409/zakon-za-grazhdanskata-registratsiya"
"ЗАКОН ЗА ДЪРЖАВНИЯ СЛУЖИТЕЛ","https://www.ciela.net/svobodna-zona-normativi/view/2134673408/zakon-za-darzhavniya-sluzhitel"
"ЗАКОН ЗА ПОЛИТИЧЕСКА И ГРАЖДАНСКА РЕАБИЛИТАЦИЯ НА РЕПРЕСИРАНИ ЛИЦА","https://www.ciela.net/svobodna-zona-normativi/view/2132567042/zakon-za-politicheska-i-grazhdanska-reabilitatsiya-na-represirani-litsa"
"ЗАКОН ЗА ИПОТЕЧНИТЕ ОБЛИГАЦИИ","https://www.ciela.net/svobodna-zona-normativi/view/2134943744/zakon-za-ipotechnite-obligatsii"
"ЗАКОН ЗА СЪСЛОВНАТА ОРГАНИЗАЦИЯ НА МАГИСТЪР-ФАРМАЦЕВТИТЕ","https://www.ciela.net/svobodna-zona-normativi/view/2135534628/zakon-za-saslovnata-organizatsiya-na-magistar-farmatsevtite"
"ЗАКОН ЗА СЕМЕЙНИ ПОМОЩИ ЗА ДЕЦА","https://www.ciela.net/svobodna-zona-normativi/view/2135441920/zakon-za-semeyni-pomoshti-za-detsa"
"ЗАКОН ЗА ДЪРЖАВНИТЕ ПОМОЩИ ОТ 2006 Г.","https://www.ciela.net/svobodna-zona-normativi/view/2135536537/zakon-za-darzhavnite-pomoshti-ot-2006-g"
"ЗАКОН ЗА ОПАЗВАНЕ НА ЗЕМЕДЕЛСКИТЕ ЗЕМИ","https://www.ciela.net/svobodna-zona-normativi/view/2133870081/zakon-za-opazvane-na-zemedelskite-zemi"
"ЗАКОН ЗА АВТОМОБИЛНИТЕ ПРЕВОЗИ","https://www.ciela.net/svobodna-zona-normativi/view/2134681088/zakon-za-avtomobilnite-prevozi"
"ЗАКОН ЗА ЗАКРИЛА НА НОВИТЕ СОРТОВЕ РАСТЕНИЯ И ПОРОДИ ЖИВОТНИ","https://www.ciela.net/svobodna-zona-normativi/view/2133895169/zakon-za-zakrila-na-novite-sortove-rasteniya-i-porodi-zhivotni"
"ЗАКОН ЗА ПРИВАТИЗАЦИОННИТЕ ФОНДОВЕ","https://www.ciela.net/svobodna-zona-normativi/view/2133852674/zakon-za-privatizatsionnite-fondove"
"ЗАКОН ЗА ЗАЩИТА НА ЛИЧНИТЕ ДАННИ","https://www.ciela.net/svobodna-zona-normativi/view/2135426048/zakon-za-zashtita-na-lichnite-danni"
"ЗАКОН ЗА УСТРОЙСТВО НА ТЕРИТОРИЯТА","https://www.ciela.net/svobodna-zona-normativi/view/2135163904/zakon-za-ustroystvo-na-teritoriyata"
"ЗАКОН ЗА СДЕЛКИТЕ С КОМПЕНСАТОРНИ ИНСТРУМЕНТИ","https://www.ciela.net/svobodna-zona-normativi/view/2135449600/zakon-za-sdelkite-s-kompensatorni-instrumenti"
"ЗАКОН ЗА ПРЯКО УЧАСТИЕ НА ГРАЖДАНИТЕ В ДЪРЖАВНАТА ВЛАСТ И МЕСТНОТО САМОУПРАВЛЕНИЕ","https://www.ciela.net/svobodna-zona-normativi/view/2135636485/zakon-za-pryako-uchastie-na-grazhdanite-v-darzhavnata-vlast-i-mestnoto-samoupravlenie"
"ЗАКОН ЗА АМНИСТИЯ ОТ 1981 Г.","https://www.ciela.net/svobodna-zona-normativi/view/2129948160/zakon-za-amnistiya-ot-1981-g"
"ЗАКОН ЗА АДМИНИСТРАЦИЯТА","https://www.ciela.net/svobodna-zona-normativi/view/2134443520/zakon-za-administratsiyata"
"ЗАКОН ЗА ДЪРЖАВНИЯ ПЕЧАТ И НАЦИОНАЛНОТО ЗНАМЕ НА РЕПУБЛИКА БЪЛГАРИЯ","https://www.ciela.net/svobodna-zona-normativi/view/2134401024/zakon-za-darzhavniya-pechat-i-natsionalnoto-zname-na-republika-balgariya"
"ЗАКОН ЗА АМНИСТИЯ ОТ 1989 Г.","https://www.ciela.net/svobodna-zona-normativi/view/2132068352/zakon-za-amnistiya-ot-1989-g"
"ЗАКОН ЗА ВЪЗСТАНОВЯВАНЕ НА НАДВНЕСЕН АКЦИЗ ЗА УПОТРЕБЯВАНИ АВТОМОБИЛИ","https://www.ciela.net/svobodna-zona-normativi/view/2135708286/zakon-za-vazstanovyavane-na-nadvnesen-aktsiz-za-upotrebyavani-avtomobili"
"ЗАКОН ЗА НАЦИОНАЛНИЯ ДАРИТЕЛСКИ ФОНД ""13 ВЕКА БЪЛГАРИЯ""","https://www.ciela.net/svobodna-zona-normativi/view/2135169536/zakon-za-natsionalniya-daritelski-fond-"
"ЗАКОН ЗА ПРИВАТИЗАЦИЯ И СЛЕДПРИВАТИЗАЦИОНЕН КОНТРОЛ","https://www.ciela.net/svobodna-zona-normativi/view/2135439873/zakon-za-privatizatsiya-i-sledprivatizatsionen-kontrol"
"ЗАКОН ЗА ДОСТЪП И РАЗКРИВАНЕ НА ДОКУМЕНТИТЕ И ЗА ОБЯВЯВАНЕ НА ПРИНАДЛЕЖНОСТ НА БЪЛГАРСКИ ГРАЖДАНИ КЪМ ДЪРЖАВНА СИГУРНОСТ И РАЗУЗНАВАТЕЛНИТЕ СЛУЖБИ НА БЪЛГАРСКАТА НАРОДНА АРМИЯ","https://www.ciela.net/svobodna-zona-normativi/view/2135540283/zakon-za-dostap-i-razkrivane-na-dokumentite-i-za-obyavyavane-na-prinadlezhnost-na-balgarski-grazhdani-kam-darzhavna-sigurnost-i-razuznavatelnite-sluzhbi-na-balgarskata-narodna-armiya"
"ЗАКОН ЗА ЗАЩИТА ПРИ БЕДСТВИЯ","https://www.ciela.net/svobodna-zona-normativi/view/2135540282/zakon-za-zashtita-pri-bedstviya"
"ЗАКОН ЗА БЪЛГАРСКАТА НАРОДНА БАНКА  ОТ 1997 Г.","https://www.ciela.net/svobodna-zona-normativi/view/2134138370/zakon-za-balgarskata-narodna-banka--ot-1997-g"
"ЗАКОН ЗА АДМИНИСТРАТИВНО-ТЕРИТОРИАЛНОТО УСТРОЙСТВО НА РЕПУБЛИКА БЪЛГАРИЯ","https://www.ciela.net/svobodna-zona-normativi/view/2133622784/zakon-za-administrativno-teritorialnoto-ustroystvo-na-republika-balgariya"
"ЗАКОН ЗА СПЕЦИАЛНИТЕ РАЗУЗНАВАТЕЛНИ СРЕДСТВА","https://www.ciela.net/svobodna-zona-normativi/view/2134163459/zakon-za-spetsialnite-razuznavatelni-sredstva"
"ЗАКОН ЗА ИНФОРМАЦИЯ ОТНОСНО НЕОБСЛУЖВАНИ КРЕДИТИ","https://www.ciela.net/svobodna-zona-normativi/view/2134163457/zakon-za-informatsiya-otnosno-neobsluzhvani-krediti"
"ЗАКОН ЗА НАЦИОНАЛНИЯ АРХИВЕН ФОНД","https://www.ciela.net/svobodna-zona-normativi/view/2135557636/zakon-za-natsionalniya-arhiven-fond"
"ЗАКОН ЗА ИКОНОМИЧЕСКИ И СОЦИАЛЕН СЪВЕТ","https://www.ciela.net/svobodna-zona-normativi/view/2135184392/zakon-za-ikonomicheski-i-sotsialen-savet"
"ЗАКОН ЗА УСТРОЙСТВОТО НА ЧЕРНОМОРСКОТО КРАЙБРЕЖИЕ","https://www.ciela.net/svobodna-zona-normativi/view/2135555697/zakon-za-ustroystvoto-na-chernomorskoto-kraybrezhie"
"ЗАКОН ЗА ЧИСТОТАТА НА АТМОСФЕРНИЯ ВЪЗДУХ","https://www.ciela.net/svobodna-zona-normativi/view/2133875712/zakon-za-chistotata-na-atmosferniya-vazduh"
"ЗАКОН ЗА ИЗПЪЛНЕНИЕ НА РЕГЛАМЕНТ НА СЪВЕТА (ЕО) № 1236/2005 ОТНОСНО ТЪРГОВИЯТА С НЯКОИ СТОКИ, КОИТО БИХА МОГЛИ ДА БЪДАТ ИЗПОЛЗВАНИ С ЦЕЛ ПРИЛАГАНЕ НА СМЪРТНО НАКАЗАНИЕ, ИЗТЕЗАНИЯ ИЛИ ДРУГИ ФОРМИ НА ЖЕСТОКО, НЕЧОВЕШКО ИЛИ УНИЗИТЕЛНО ОТНАСЯНЕ ИЛИ НАКАЗ","https://www.ciela.net/svobodna-zona-normativi/view/2135581335/zakon-za-izpalnenie-na-reglament-na-saveta-(eo)-%E2%84%96-1236/2005-otnosno-targoviyata-s-nyakoi-stoki-koito-biha-mogli-da-badat-izpolzvani-s-tsel-prilagane-na-smartno-nakazanie-iztezaniya-ili-drugi-formi-na-zhestoko-nechoveshko-ili-unizitelno-otnasyane-ili-nakaz"
"ЗАКОН ЗА БЪЛГАРИТЕ, ЖИВЕЕЩИ ИЗВЪН РЕПУБЛИКА БЪЛГАРИЯ","https://www.ciela.net/svobodna-zona-normativi/view/2134916612/zakon-za-balgarite-zhiveeshti-izvan-republika-balgariya"
"ЗАКОН ЗА ВЪЗСТАНОВЯВАНЕ НА СОБСТВЕНОСТТА ВЪРХУ ГОРИТЕ И ЗЕМИТЕ ОТ ГОРСКИЯ ФОНД","https://www.ciela.net/svobodna-zona-normativi/view/2134171136/zakon-za-vazstanovyavane-na-sobstvenostta-varhu-gorite-i-zemite-ot-gorskiya-fond"
"ЗАКОН ЗА ЗАНАЯТИТЕ","https://www.ciela.net/svobodna-zona-normativi/view/2135184905/zakon-za-zanayatite"
"ЗАКОН ЗА КРЪВТА, КРЪВОДАРЯВАНЕТО И КРЪВОПРЕЛИВАНЕТО","https://www.ciela.net/svobodna-zona-normativi/view/2135474551/zakon-za-kravta-kravodaryavaneto-i-kravoprelivaneto"
"ЗАКОН ЗА ЕЛЕКТРОННАТА ТЪРГОВИЯ","https://www.ciela.net/svobodna-zona-normativi/view/2135530547/zakon-za-elektronnata-targoviya"
"ЗАКОН ЗА ОПРОЩАВАНЕ НА ЗАДЪЛЖЕНИЯ КЪМ ДЪРЖАВАТА","https://www.ciela.net/svobodna-zona-normativi/view/2125500929/zakon-za-oproshtavane-na-zadalzheniya-kam-darzhavata"
"ЗАКОН ЗА ЗАБРАНА НА ХИМИЧЕСКОТО ОРЪЖИЕ И ЗА КОНТРОЛ НА ТОКСИЧНИТЕ ХИМИЧЕСКИ ВЕЩЕСТВА И ТЕХНИТЕ ПРЕКУРСОРИ","https://www.ciela.net/svobodna-zona-normativi/view/2134905344/zakon-za-zabrana-na-himicheskoto-orazhie-i-za-kontrol-na-toksichnite-himicheski-veshtestva-i-tehnite-prekursori"
"ЗАКОН ЗА ИЗПЪЛНЕНИЕ НА НАКАЗАНИЯТА И ЗАДЪРЖАНЕТО ПОД СТРАЖА","https://www.ciela.net/svobodna-zona-normativi/view/2135627067/zakon-za-izpalnenie-na-nakazaniyata-i-zadarzhaneto-pod-strazha"
"ЗАКОН ЗА ЗАДЪЛЖЕНИЯТА И ДОГОВОРИТЕ","https://www.ciela.net/svobodna-zona-normativi/view/2121934337/zakon-za-zadalzheniyata-i-dogovorite"
"ЗАКОН ЗА ПОДПОМАГАНЕ НА ЗЕМЕДЕЛСКИТЕ ПРОИЗВОДИТЕЛИ","https://www.ciela.net/svobodna-zona-normativi/view/2134406656/zakon-za-podpomagane-na-zemedelskite-proizvoditeli"
"ЗАКОН ЗА ПРАВНАТА ПОМОЩ","https://www.ciela.net/svobodna-zona-normativi/view/2135511185/zakon-za-pravnata-pomosht"
"ЗАКОН ЗА НЯКОИ ПРАВА НА ЛИЦАТА, КОИТО СА БИЛИ ПРЕЗИДЕНТИ НА РЕПУБЛИКА БЪЛГАРИЯ","https://www.ciela.net/svobodna-zona-normativi/view/2135468702/zakon-za-nyakoi-prava-na-litsata-koito-sa-bili-prezidenti-na-republika-balgariya"
"ЗАКОН ЗА ЗАЩИТА НА РАСТЕНИЯТА","https://www.ciela.net/svobodna-zona-normativi/view/2134161408/zakon-za-zashtita-na-rasteniyata"
"ЗАКОН ЗА ДЪРЖАВНИТЕ РЕЗЕРВИ И ВОЕННОВРЕМЕННИТЕ ЗАПАСИ","https://www.ciela.net/svobodna-zona-normativi/view/2135462883/zakon-za-darzhavnite-rezervi-i-voennovremennite-zapasi"
"ЗАКОН ЗА ПРОМИШЛЕНИЯ ДИЗАЙН","https://www.ciela.net/svobodna-zona-normativi/view/2134680577/zakon-za-promishleniya-dizayn"
"ЗАКОН ЗА ТЪРГОВСКИЯ РЕГИСТЪР И РЕГИСТЪРА НА ЮРИДИЧЕСКИТЕ ЛИЦА С НЕСТОПАНСКА ЦЕЛ (ЗАГЛ. ИЗМ. - ДВ, БР. 74 ОТ 2016 Г., В СИЛА ОТ 01.01.2018 Г.)","https://www.ciela.net/svobodna-zona-normativi/view/2135522741/zakon-za-targovskiya-registar-i-registara-na-yuridicheskite-litsa-s-nestopanska-tsel-(zagl-izm---dv-br-74-ot-2016-g-v-sila-ot-01012018-g)"
"ЗАКОН ЗА ОТГОВОРНОСТТА НА ДЪРЖАВАТА И ОБЩИНИТЕ ЗА ВРЕДИ (ЗАГЛ. ИЗМ. - ДВ, БР. 30 ОТ 11.04.2006 Г., В СИЛА ОТ 12.07.2006 Г.)","https://www.ciela.net/svobodna-zona-normativi/view/2131785730/zakon-za-otgovornostta-na-darzhavata-i-obshtinite-za-vredi-(zagl-izm---dv-br-30-ot-11042006-g-v-sila-ot-12072006-g)"
"ЗАКОН ЗА КОМИСИЯТА ЗА ФИНАНСОВ НАДЗОР","https://www.ciela.net/svobodna-zona-normativi/view/2135462849/zakon-za-komisiyata-za-finansov-nadzor"
"ЗАКОН ЗА СЪБРАНИЯТА, МИТИНГИТЕ И МАНИФЕСТАЦИИТЕ","https://www.ciela.net/svobodna-zona-normativi/view/2132284419/zakon-za-sabraniyata-mitingite-i-manifestatsiite"
"ЗАКОН ЗА УБЕЖИЩЕТО И БЕЖАНЦИТЕ","https://www.ciela.net/svobodna-zona-normativi/view/2135453184/zakon-za-ubezhishteto-i-bezhantsite"
"ЗАКОН ЗА ""ДЪРЖАВЕН ВЕСТНИК""","https://www.ciela.net/svobodna-zona-normativi/view/2133636096/zakon-za-"
"ЗАКОН ЗА АМНИСТИЯ ОТ 1989 Г.","https://www.ciela.net/svobodna-zona-normativi/view/2132064256/zakon-za-amnistiya-ot-1989-g"
"ЗАКОН ЗА ПЪТИЩАТА","https://www.ciela.net/svobodna-zona-normativi/view/2134914560/zakon-za-patishtata"
"ЗАКОН ЗА ОБЯВЯВАНЕ НА КОМУНИСТИЧЕСКИЯ РЕЖИМ В БЪЛГАРИЯ ЗА ПРЕСТЪПЕН","https://www.ciela.net/svobodna-zona-normativi/view/2134920192/zakon-za-obyavyavane-na-komunisticheskiya-rezhim-v-balgariya-za-prestapen"
"ЗАКОН ЗА МИТНИЦИТЕ","https://www.ciela.net/svobodna-zona-normativi/view/2134384640/zakon-za-mitnitsite"
"ЗАКОН ЗА ГАРАНТИРАНИТЕ ВЗЕМАНИЯ НА РАБОТНИЦИТЕ И СЛУЖИТЕЛИТЕ ПРИ НЕСЪСТОЯТЕЛНОСТ НА РАБОТОДАТЕЛЯ","https://www.ciela.net/svobodna-zona-normativi/view/2135484022/zakon-za-garantiranite-vzemaniya-na-rabotnitsite-i-sluzhitelite-pri-nesastoyatelnost-na-rabotodatelya"
"ЗАКОН ЗА РАДИОТО И ТЕЛЕВИЗИЯТА","https://www.ciela.net/svobodna-zona-normativi/view/2134447616/zakon-za-radioto-i-televiziyata"
"ЗАКОН ЗА ВЕТЕРАНИТЕ ОТ ВОЙНИТЕ НА РЕПУБЛИКА БЪЛГАРИЯ (ЗАГЛ. ДОП. - ДВ, БР. 105 ОТ 2016 Г.)","https://www.ciela.net/svobodna-zona-normativi/view/2134454784/zakon-za-veteranite-ot-voynite-na-republika-balgariya-(zagl-dop---dv-br-105-ot-2016-g)"
"ЗАКОН ЗА ЕЛЕКТРОННОТО УПРАВЛЕНИЕ","https://www.ciela.net/svobodna-zona-normativi/view/2135555445/zakon-za-elektronnoto-upravlenie"
"ЗАКОН ЗА МЕДИЦИНСКИТЕ ИЗДЕЛИЯ","https://www.ciela.net/svobodna-zona-normativi/view/2135555444/zakon-za-meditsinskite-izdeliya"
"ЗАКОН ЗА УРЕЖДАНЕ НА ЗАДЪЛЖЕНИЯ НА ""БУЛГАРГАЗ"" - ЕАД, КЪМ ДЪРЖАВАТА","https://www.ciela.net/svobodna-zona-normativi/view/2134682624/zakon-za-urezhdane-na-zadalzheniya-na-"
"ЗАКОН ЗА ИМУЩЕСТВОТО НА БЪЛГАРСКАТА КОМУНИСТИЧЕСКА ПАРТИЯ, БЪЛГАРСКИЯ ЗЕМЕДЕЛСКИ НАРОДЕН СЪЮЗ, ОТЕЧЕСТВЕНИЯ ФРОНТ, ДИМИТРОВСКИЯ КОМУНИСТИЧЕСКИ МЛАДЕЖКИ СЪЮЗ, СЪЮЗА НА АКТИВНИТЕ БОРЦИ ПРОТИВ ФАШИЗМА И КАПИТАЛИЗМА И БЪЛГАРСКИТЕ ПРОФЕСИОНАЛНИ СЪЮЗИ","https://www.ciela.net/svobodna-zona-normativi/view/2132595202/zakon-za-imushtestvoto-na-balgarskata-komunisticheska-partiya-balgarskiya-zemedelski-naroden-sayuz-otechestveniya-front-dimitrovskiya-komunisticheski-mladezhki-sayuz-sayuza-na-aktivnite-bortsi-protiv-fashizma-i-kapitalizma-i-balgarskite-profesionalni-sayuzi"
"ЗАКОН ЗА ВЪЗСТАНОВЯВАНЕ СОБСТВЕНОСТТА ВЪРХУ НЯКОИ МАГАЗИНИ, РАБОТИЛНИЦИ, СКЛАДОВЕ И АТЕЛИЕТА","https://www.ciela.net/svobodna-zona-normativi/view/2132595201/zakon-za-vazstanovyavane-sobstvenostta-varhu-nyakoi-magazini-rabotilnitsi-skladove-i-atelieta"
"ЗАКОН ЗА ПОЛИТИЧЕСКИТЕ ПАРТИИ","https://www.ciela.net/svobodna-zona-normativi/view/2135501352/zakon-za-politicheskite-partii"
"ЗАКОН ЗА АМНИСТИЯ ОТ 2002 Г.","https://www.ciela.net/svobodna-zona-normativi/view/2135456937/zakon-za-amnistiya-ot-2002-g"
"ЗАКОН ЗА СДРУЖЕНИЯ ЗА НАПОЯВАНЕ","https://www.ciela.net/svobodna-zona-normativi/view/2135180801/zakon-za-sdruzheniya-za-napoyavane"
"ЗАКОН ЗА ЕЛЕКТРОННИЯ ДОКУМЕНТ И ЕЛЕКТРОННИТЕ УДОСТОВЕРИТЕЛНИ УСЛУГИ (ЗАГЛ. ИЗМ. - ДВ, БР. 85 ОТ 2017 Г.)","https://www.ciela.net/svobodna-zona-normativi/view/2135180800/zakon-za-elektronniya-dokument-i-elektronnite-udostoveritelni-uslugi-(zagl-izm---dv-br-85-ot-2017-g)"
"ЗАКОН ЗА УРЕЖДАНЕ НА СТАРИ ЗАДЪЛЖЕНИЯ ПО БАНКОВИ КРЕДИТИ","https://www.ciela.net/svobodna-zona-normativi/view/2132552704/zakon-za-urezhdane-na-stari-zadalzheniya-po-bankovi-krediti"
"ЗАКОН ЗА ГЕОДЕЗИЯТА И КАРТОГРАФИЯТА","https://www.ciela.net/svobodna-zona-normativi/view/2135520647/zakon-za-geodeziyata-i-kartografiyata"
"ЗАКОН ЗА НОРМАТИВНИТЕ АКТОВЕ","https://www.ciela.net/svobodna-zona-normativi/view/2127837184/zakon-za-normativnite-aktove"
"ЗАКОН ЗА РЕГУЛИРАНЕ НА ВОДОСНАБДИТЕЛНИТЕ И КАНАЛИЗАЦИОННИТЕ УСЛУГИ","https://www.ciela.net/svobodna-zona-normativi/view/2135499390/zakon-za-regulirane-na-vodosnabditelnite-i-kanalizatsionnite-uslugi"
"ЗАКОН ЗА МЕСТНИТЕ ДАНЪЦИ И ТАКСИ","https://www.ciela.net/svobodna-zona-normativi/view/2134174720/zakon-za-mestnite-danatsi-i-taksi"
"ЗАКОН ЗА АМНИСТИЯ ОТ 1950 Г.","https://www.ciela.net/svobodna-zona-normativi/view/2121930240/zakon-za-amnistiya-ot-1950-g"
"ЗАКОН ЗА ТЕРИТОРИАЛНОТО ДЕЛЕНИЕ НА СТОЛИЧНАТА ОБЩИНА И ГОЛЕМИТЕ ГРАДОВЕ","https://www.ciela.net/svobodna-zona-normativi/view/2133624321/zakon-za-teritorialnoto-delenie-na-stolichnata-obshtina-i-golemite-gradove"
"ЗАКОН ЗА КОНСТИТУЦИОНЕН СЪД","https://www.ciela.net/svobodna-zona-normativi/view/2132575745/zakon-za-konstitutsionen-sad"
"ЗАКОН ЗА УРЕЖДАНЕ НА КОЛЕКТИВНИТЕ ТРУДОВИ СПОРОВЕ","https://www.ciela.net/svobodna-zona-normativi/view/2132290049/zakon-za-urezhdane-na-kolektivnite-trudovi-sporove"
"ЗАКОН ЗА СЧЕТОВОДСТВОТО ОТ 2001 Г.","https://www.ciela.net/svobodna-zona-normativi/view/2135213569/zakon-za-schetovodstvoto-ot-2001-g"
"ЗАКОН СРЕЩУ ПАЗАРНИТЕ ЗЛОУПОТРЕБИ С ФИНАНСОВИ ИНСТРУМЕНТИ","https://www.ciela.net/svobodna-zona-normativi/view/2135536081/zakon-sreshtu-pazarnite-zloupotrebi-s-finansovi-instrumenti"
"ЗАКОН ЗА ЗАЩИТА НА ЛИЦА, ЗАСТРАШЕНИ ВЪВ ВРЪЗКА С НАКАЗАТЕЛНО ПРОИЗВОДСТВО","https://www.ciela.net/svobodna-zona-normativi/view/2135495492/zakon-za-zashtita-na-litsa-zastrasheni-vav-vrazka-s-nakazatelno-proizvodstvo"
"ЗАКОН ЗА НАРОДНАТА ПРОСВЕТА ОТ 1991 Г.","https://www.ciela.net/svobodna-zona-normativi/view/2132585473/zakon-za-narodnata-prosveta-ot-1991-g"
"ЗАКОН ЗА ПЧЕЛАРСТВОТО","https://www.ciela.net/svobodna-zona-normativi/view/2135468444/zakon-za-pchelarstvoto"
"ЗАКОН ЗА ЗАКРИЛА НА ДЕТЕТО","https://www.ciela.net/svobodna-zona-normativi/view/2134925825/zakon-za-zakrila-na-deteto"
"ЗАКОН ЗА ЛЕКАРСТВЕНИТЕ ПРОДУКТИ В ХУМАННАТА МЕДИЦИНА","https://www.ciela.net/svobodna-zona-normativi/view/2135549536/zakon-za-lekarstvenite-produkti-v-humannata-meditsina"
"ЗАКОН ЗА ТОПОЛОГИЯТА НА ИНТЕГРАЛНИТЕ СХЕМИ","https://www.ciela.net/svobodna-zona-normativi/view/2134680578/zakon-za-topologiyata-na-integralnite-shemi"
"ЗАКОН ЗА МАРКИТЕ И ГЕОГРАФСКИТЕ ОЗНАЧЕНИЯ ОТ 1999 Г.","https://www.ciela.net/svobodna-zona-normativi/view/2134680576/zakon-za-markite-i-geografskite-oznacheniya-ot-1999-g"
"ЗАКОН ЗА ЗАКРИВАНЕ НА СОЦИАЛНОИНВЕСТИЦИОННИЯ ФОНД","https://www.ciela.net/svobodna-zona-normativi/view/2135668988/zakon-za-zakrivane-na-sotsialnoinvestitsionniya-fond"
"ЗАКОН ЗА ЖЕЛЕЗОПЪТНИЯ ТРАНСПОРТ","https://www.ciela.net/svobodna-zona-normativi/view/2134950912/zakon-za-zhelezopatniya-transport"
"ЗАКОН ЗА МЕДИАЦИЯТА","https://www.ciela.net/svobodna-zona-normativi/view/2135496713/zakon-za-mediatsiyata"
"ЗАКОН ЗА ИЗМЕРВАНИЯТА","https://www.ciela.net/svobodna-zona-normativi/view/2135449088/zakon-za-izmervaniyata"
"ЗАКОН ЗА БЮДЖЕТА НА НАЦИОНАЛНАТА ЗДРАВНООСИГУРИТЕЛНА КАСА ЗА 2011 Г.","https://www.ciela.net/svobodna-zona-normativi/view/2135708281/zakon-za-byudzheta-na-natsionalnata-zdravnoosiguritelna-kasa-za-2011-g"
"ЗАКОН ЗА АМНИСТИЯ И ВРЪЩАНЕ НА ОТНЕТИ ИМУЩЕСТВА","https://www.ciela.net/svobodna-zona-normativi/view/2132541953/zakon-za-amnistiya-i-vrashtane-na-otneti-imushtestva"
"ЗАКОН ЗА УСТАНОВЯВАНЕ НА ТРУДОВ И ОСИГУРИТЕЛЕН СТАЖ ПО СЪДЕБЕН РЕД","https://www.ciela.net/svobodna-zona-normativi/view/2135725118/zakon-za-ustanovyavane-na-trudov-i-osiguritelen-stazh-po-sadeben-red"
"ЗАКОН ЗА ЖИЛИЩНОСТРОИТЕЛНИТЕ КООПЕРАЦИИ","https://www.ciela.net/svobodna-zona-normativi/view/2129161729/zakon-za-zhilishtnostroitelnite-kooperatsii"
"ЗАКОН ЗА ЛЕЧЕБНИТЕ РАСТЕНИЯ","https://www.ciela.net/svobodna-zona-normativi/view/2134916096/zakon-za-lechebnite-rasteniya"
"ЗАКОН ЗА ЗАЩИТА ОТ ДИСКРИМИНАЦИЯ (ЗАГЛ. ИЗМ. - ДВ, БР. 68 ОТ 2006 Г.)","https://www.ciela.net/svobodna-zona-normativi/view/2135472223/zakon-za-zashtita-ot-diskriminatsiya-(zagl-izm---dv-br-68-ot-2006-g)"
"ЗАКОН ЗА ОГРАНИЧАВАНЕ НА АДМИНИСТРАТИВНОТО РЕГУЛИРАНЕ И АДМИНИСТРАТИВНИЯ КОНТРОЛ ВЪРХУ СТОПАНСКАТА ДЕЙНОСТ","https://www.ciela.net/svobodna-zona-normativi/view/2135468357/zakon-za-ogranichavane-na-administrativnoto-regulirane-i-administrativniya-kontrol-varhu-stopanskata-deynost"
"ЗАКОН ЗА ЛЕЧЕБНИТЕ ЗАВЕДЕНИЯ","https://www.ciela.net/svobodna-zona-normativi/view/2134670848/zakon-za-lechebnite-zavedeniya"
"ЗАКОН ЗА ЛОВА И ОПАЗВАНЕ НА ДИВЕЧА","https://www.ciela.net/svobodna-zona-normativi/view/2134941184/zakon-za-lova-i-opazvane-na-divecha"
"ЗАКОН ЗА УРЕЖДАНЕ ПРАВАТА НА ГРАЖДАНИ С МНОГОГОДИШНИ ЖИЛИЩНО-СПЕСТОВНИ ВЛОГОВЕ (ЗАГЛ. ИЗМ. - ДВ, БР. 100 ОТ 2008 Г., В СИЛА ОТ 21.11.2008 Г.)","https://www.ciela.net/svobodna-zona-normativi/view/2132583427/zakon-za-urezhdane-pravata-na-grazhdani-s-mnogogodishni-zhilishtno-spestovni-vlogove-(zagl-izm---dv-br-100-ot-2008-g-v-sila-ot-21112008-g)"
"ЗАКОН ЗА ПРЕДОТВРАТЯВАНЕ И УСТАНОВЯВАНЕ НА КОНФЛИКТ НА ИНТЕРЕСИ (ЗАГЛ. ИЗМ. - ДВ, БР. 97 ОТ 2010 Г., В СИЛА ОТ 10.12.2010 Г.) ОТ 2008 Г.","https://www.ciela.net/svobodna-zona-normativi/view/2135603507/zakon-za-predotvratyavane-i-ustanovyavane-na-konflikt-na-interesi-(zagl-izm---dv-br-97-ot-2010-g-v-sila-ot-10122010-g)-ot-2008-g"
"ЗАКОН ЗА ГОРИТЕ","https://www.ciela.net/svobodna-zona-normativi/view/2135721295/zakon-za-gorite"
"ЗАКОН ЗА ГЕНЕТИЧНО МОДИФИЦИРАНИ ОРГАНИЗМИ","https://www.ciela.net/svobodna-zona-normativi/view/2135501153/zakon-za-genetichno-modifitsirani-organizmi"
"ЗАКОН ЗА ВОЕННОИНВАЛИДИТЕ И ВОЕННОПОСТРАДАЛИТЕ","https://www.ciela.net/svobodna-zona-normativi/view/2135501152/zakon-za-voennoinvalidite-i-voennopostradalite"
"ЗАКОН ЗА ЗАЩИТА ОТ ДОМАШНОТО НАСИЛИЕ (ЗАГЛ. ИЗМ. - ДВ, БР. 102 ОТ 2009 Г., В СИЛА ОТ 22.12.2009 Г.)","https://www.ciela.net/svobodna-zona-normativi/view/2135501151/zakon-za-zashtita-ot-domashnoto-nasilie-(zagl-izm---dv-br-102-ot-2009-g-v-sila-ot-22122009-g)"
"ЗАКОН ЗА ВЪЗСТАНОВЯВАНЕ СОБСТВЕНОСТТА ВЪРХУ ОДЪРЖАВЕНИ НЕДВИЖИМИ ИМОТИ","https://www.ciela.net/svobodna-zona-normativi/view/2132811266/zakon-za-vazstanovyavane-sobstvenostta-varhu-odarzhaveni-nedvizhimi-imoti"
"ЗАКОН ЗА АМНИСТИЯ ОТ 1947 Г.","https://www.ciela.net/svobodna-zona-normativi/view/2121082368/zakon-za-amnistiya-ot-1947-g"
"ЗАКОН ЗА РЕГИСТЪР БУЛСТАТ","https://www.ciela.net/svobodna-zona-normativi/view/2135503074/zakon-za-registar-bulstat"
"ЗАКОН ЗА АКЦИЗИТЕ И ДАНЪЧНИТЕ СКЛАДОВЕ","https://www.ciela.net/svobodna-zona-normativi/view/2135512728/zakon-za-aktsizite-i-danachnite-skladove"
"ТЪРГОВСКИ ЗАКОН","https://www.ciela.net/svobodna-zona-normativi/view/-14917630/targovski-zakon"
"ЗАКОН ЗА ИНТЕГРАЦИЯ НА ХОРАТА С УВРЕЖДАНИЯ ОТ 2004 Г.","https://www.ciela.net/svobodna-zona-normativi/view/2135491478/zakon-za-integratsiya-na-horata-s-uvrezhdaniya-ot-2004-g"
"ЗАКОН ЗА ЕНЕРГИЙНАТА ЕФЕКТИВНОСТ ОТ 2008 Г.","https://www.ciela.net/svobodna-zona-normativi/view/2135605212/zakon-za-energiynata-efektivnost-ot-2008-g"
"ЗАКОН ЗА ВИСШЕТО ОБРАЗОВАНИЕ","https://www.ciela.net/svobodna-zona-normativi/view/2133647361/zakon-za-vissheto-obrazovanie"
"ЗАКОН ЗА ЗАЩИТА ОТ ВРЕДНОТО ВЪЗДЕЙСТВИЕ НА ХИМИЧНИТЕ ВЕЩЕСТВА И СМЕСИ (ЗАГЛ. ИЗМ. - ДВ, БР. 114 ОТ 2003 Г., В СИЛА ОТ 31.01.2004 Г., ИЗМ. - ДВ, БР. 63 ОТ 2010 Г., В СИЛА ОТ 13.08.2010 Г.)","https://www.ciela.net/svobodna-zona-normativi/view/2134906371/zakon-za-zashtita-ot-vrednoto-vazdeystvie-na-himichnite-veshtestva-i-smesi-(zagl-izm---dv-br-114-ot-2003-g-v-sila-ot-31012004-g-izm---dv-br-63-ot-2010-g-v-sila-ot-13082010-g)"
"ЗАКОН ЗА ЕКСПОРТНИЯ КОНТРОЛ НА ПРОДУКТИ, СВЪРЗАНИ С ОТБРАНАТА, И НА ИЗДЕЛИЯ И ТЕХНОЛОГИИ С ДВОЙНА УПОТРЕБА","https://www.ciela.net/svobodna-zona-normativi/view/2135725113/zakon-za-eksportniya-kontrol-na-produkti-svarzani-s-otbranata-i-na-izdeliya-i-tehnologii-s-dvoyna-upotreba"
"ЗАКОН ЗА КОНСУЛТАТИВЕН СЪВЕТ ЗА НАЦИОНАЛНА СИГУРНОСТ","https://www.ciela.net/svobodna-zona-normativi/view/2133334529/zakon-za-konsultativen-savet-za-natsionalna-sigurnost"
"ЗАКОН ЗА ЗАДЪЛЖИТЕЛНОТО ДЕПОЗИРАНЕ НА ПЕЧАТНИ И ДРУГИ ПРОИЗВЕДЕНИЯ И ЗА ОБЯВЯВАНЕ НА РАЗПРОСТРАНИТЕЛИТЕ И ДОСТАВЧИЦИТЕ НА МЕДИЙНИ УСЛУГИ (ЗАГЛ. ИЗМ. - ДВ, БР. 42 ОТ 2009 Г., В СИЛА ОТ 06.07.2009 Г., ДОП. - ДВ, БР. 94 ОТ 2018 Г.)","https://www.ciela.net/svobodna-zona-normativi/view/2134956545/zakon-za-zadalzhitelnoto-depozirane-na-pechatni-i-drugi-proizvedeniya-i-za-obyavyavane-na-razprostranitelite-i-dostavchitsite-na-mediyni-uslugi-(zagl-izm---dv-br-42-ot-2009-g-v-sila-ot-06072009-g-dop---dv-br-94-ot-2018-g)"
"ЗАКОН ЗА ТЪЛКУВАНЕ НА ЧЛ. 47 ОТ ЗАКОНА ЗА ЧУЖДЕНЦИТЕ В РЕПУБЛИКА БЪЛГАРИЯ (ДВ, БР. 153 ОТ 1998 Г.)","https://www.ciela.net/svobodna-zona-normativi/view/2134956544/zakon-za-talkuvane-na-chl-47-ot-zakona-za-chuzhdentsite-v-republika-balgariya-(dv-br-153-ot-1998-g)"
"ЗАКОН ЗА ОРДЕНИТЕ И МЕДАЛИТЕ НА РЕПУБЛИКА БЪЛГАРИЯ","https://www.ciela.net/svobodna-zona-normativi/view/2135468258/zakon-za-ordenite-i-medalite-na-republika-balgariya"
"ЗАКОН ЗА ДОГОВОРИТЕ ЗА ФИНАНСОВО ОБЕЗПЕЧЕНИЕ И ЗА ПРИКЛЮЧВАЩОТО НЕТИРАНЕ (ЗАГЛ. ДОП. - ДВ, БР. 67 ОТ 2025 Г.)","https://www.ciela.net/svobodna-zona-normativi/view/2135533910/zakon-za-dogovorite-za-finansovo-obezpechenie-i-za-priklyuchvashtoto-netirane-(zagl-dop---dv-br-67-ot-2025-g)"
"ЗАКОН ЗА ИНФОРМИРАНЕ И КОНСУЛТИРАНЕ С РАБОТНИЦИТЕ И СЛУЖИТЕЛИТЕ В МНОГОНАЦИОНАЛНИ ПРЕДПРИЯТИЯ, ГРУПИ ПРЕДПРИЯТИЯ И ЕВРОПЕЙСКИ ДРУЖЕСТВА","https://www.ciela.net/svobodna-zona-normativi/view/2135531976/zakon-za-informirane-i-konsultirane-s-rabotnitsite-i-sluzhitelite-v-mnogonatsionalni-predpriyatiya-grupi-predpriyatiya-i-evropeyski-druzhestva"
"ЗАКОН ЗА РИБАРСТВОТО И АКВАКУЛТУРИТЕ","https://www.ciela.net/svobodna-zona-normativi/view/2135184393/zakon-za-ribarstvoto-i-akvakulturite"
"ЗАКОН ЗА ОРЪЖИЯТА, БОЕПРИПАСИТЕ, ВЗРИВНИТЕ ВЕЩЕСТВА И ПИРОТЕХНИЧЕСКИТЕ ИЗДЕЛИЯ","https://www.ciela.net/svobodna-zona-normativi/view/2135696097/zakon-za-orazhiyata-boepripasite-vzrivnite-veshtestva-i-pirotehnicheskite-izdeliya"
"ЗАКОН ЗА АМНИСТИЯ ОТ 1964 Г.","https://www.ciela.net/svobodna-zona-normativi/view/2125500416/zakon-za-amnistiya-ot-1964-g"
"ЗАКОН ЗА ЗАКРИВАНЕ НА АГЕНЦИЯТА ЗА ЧУЖДЕСТРАННА ПОМОЩ","https://www.ciela.net/svobodna-zona-normativi/view/2135553197/zakon-za-zakrivane-na-agentsiyata-za-chuzhdestranna-pomosht"
"ЗАКОН ЗА ЧАСТНАТА ОХРАНИТЕЛНА ДЕЙНОСТ ОТ 2004 Г.","https://www.ciela.net/svobodna-zona-normativi/view/2135479817/zakon-za-chastnata-ohranitelna-deynost-ot-2004-g"
"ЗАКОН ЗА УРЕЖДАНЕ ПРАВАТА НА ЛИЦАТА, КОИТО СА ЗАЕЛИ ИЛИ ПОЛУЧИЛИ ДЪРЖАВНИ ДВОРНИ МЕСТА","https://www.ciela.net/svobodna-zona-normativi/view/2123412992/zakon-za-urezhdane-pravata-na-litsata-koito-sa-zaeli-ili-poluchili-darzhavni-dvorni-mesta"
"ЗАКОН ЗА ЕЛЕКТРОННИТЕ СЪОБЩЕНИЯ","https://www.ciela.net/svobodna-zona-normativi/view/2135553187/zakon-za-elektronnite-saobshteniya"
"ЗАКОН ЗА УРЕЖДАНЕ НА НЕОБСЛУЖВАНИТЕ КРЕДИТИ, ДОГОВОРЕНИ ДО 31 ДЕКЕМВРИ 1990 Г.","https://www.ciela.net/svobodna-zona-normativi/view/2133122051/zakon-za-urezhdane-na-neobsluzhvanite-krediti-dogovoreni-do-31-dekemvri-1990-g"
"ЗАКОН ЗА ЗДРАВОСЛОВНИ И БЕЗОПАСНИ УСЛОВИЯ НА ТРУД","https://www.ciela.net/svobodna-zona-normativi/view/2134178305/zakon-za-zdravoslovni-i-bezopasni-usloviya-na-trud"
"ЗАКОН ЗА ОТТЕГЛЯНЕ НА ДЕКЛАРАЦИИ ПО МЕЖДУНАРОДНАТА КОНВЕНЦИЯ ОТНОСНО НАМЕСАТА В ОТКРИТО МОРЕ В СЛУЧАИ НА БЕДСТВИЯ, ВОДЕЩИ ДО ЗАМЪРСЯВАНЕ НА МОРЕТО С НЕФТ, ОТ 1969 Г. И ЗА РАТИФИЦИРАНЕ НА ПРОТОКОЛА ОТНОСНО НАМЕСАТА В ОТКРИТО МОРЕ В СЛУЧАИ НА ЗАМЪРСЯВА","https://www.ciela.net/svobodna-zona-normativi/view/2135535792/zakon-za-otteglyane-na-deklaratsii-po-mezhdunarodnata-konventsiya-otnosno-namesata-v-otkrito-more-v-sluchai-na-bedstviya-vodeshti-do-zamarsyavane-na-moreto-s-neft-ot-1969-g-i-za-ratifitsirane-na-protokola-otnosno-namesata-v-otkrito-more-v-sluchai-na-zamarsyava"
"ЗАКОН ЗА ПАТЕНТИТЕ И РЕГИСТРАЦИЯТА НА ПОЛЕЗНИТЕ МОДЕЛИ (ЗАГЛ. ИЗМ. - ДВ, БР. 64 ОТ 2006 Г., В СИЛА ОТ 09.11.2006 Г.)","https://www.ciela.net/svobodna-zona-normativi/view/2133079553/zakon-za-patentite-i-registratsiyata-na-poleznite-modeli-(zagl-izm---dv-br-64-ot-2006-g-v-sila-ot-09112006-g)"
"ЗАКОН ЗА ИЗБИРАНЕ НА ВЕЛИКО НАРОДНО СЪБРАНИЕ","https://www.ciela.net/svobodna-zona-normativi/view/2132293633/zakon-za-izbirane-na-veliko-narodno-sabranie"
"ЗАКОН ЗА ДОСТЪП ДО ПРОСТРАНСТВЕНИ ДАННИ","https://www.ciela.net/svobodna-zona-normativi/view/2135667082/zakon-za-dostap-do-prostranstveni-danni"
"ЗАКОН ЗА ЕНЕРГИЯТА ОТ ВЪЗОБНОВЯЕМИ ИЗТОЧНИЦИ","https://www.ciela.net/svobodna-zona-normativi/view/2135728864/zakon-za-energiyata-ot-vazobnovyaemi-iztochnitsi"
"ЗАКОН ЗА ВЛИЗАНЕТО, ПРЕБИВАВАНЕТО И НАПУСКАНЕТО НА РЕПУБЛИКА БЪЛГАРИЯ НА ГРАЖДАНИТЕ НА ЕВРОПЕЙСКИЯ СЪЮЗ И ЧЛЕНОВЕТЕ НА ТЕХНИТЕ СЕМЕЙСТВА (ЗАГЛ. ДОП. - ДВ, БР. 97 ОТ 2016 Г., ИЗМ. - ДВ, БР. 34 ОТ 2019 Г.)","https://www.ciela.net/svobodna-zona-normativi/view/2135535758/zakon-za-vlizaneto-prebivavaneto-i-napuskaneto-na-republika-balgariya-na-grazhdanite-na-evropeyskiya-sayuz-i-chlenovete-na-tehnite-semeystva-(zagl-dop---dv-br-97-ot-2016-g-izm---dv-br-34-ot-2019-g)"
"ЗАКОН ЗА ДОСТЪП ДО ОБЩЕСТВЕНА ИНФОРМАЦИЯ","https://www.ciela.net/svobodna-zona-normativi/view/2134929408/zakon-za-dostap-do-obshtestvena-informatsiya"
"ЗАКОН ЗА АДМИНИСТРАТИВНИТЕ НАРУШЕНИЯ И НАКАЗАНИЯ","https://www.ciela.net/svobodna-zona-normativi/view/2126821377/zakon-za-administrativnite-narusheniya-i-nakazaniya"
"ЗАКОН ЗА ВЕРОИЗПОВЕДАНИЯТА","https://www.ciela.net/svobodna-zona-normativi/view/2135462355/zakon-za-veroizpovedaniyata"
"ЗАКОН ЗА СВРЪХЗАПАСИТЕ ОТ ЗЕМЕДЕЛСКИ И ЗАХАРНИ ПРОДУКТИ","https://www.ciela.net/svobodna-zona-normativi/view/2135537657/zakon-za-svrahzapasite-ot-zemedelski-i-zaharni-produkti"
"ЗАКОН ЗА ПАЗАРИТЕ НА ФИНАНСОВИ ИНСТРУМЕНТИ ОТ 2007 Г.","https://www.ciela.net/svobodna-zona-normativi/view/2135556966/zakon-za-pazarite-na-finansovi-instrumenti-ot-2007-g"
"ЗАКОН ЗА УРЕЖДАНЕ НА НЯКОИ ТРУДОВИ И ОСИГУРИТЕЛНИ ПРАВА НА БЪЛГАРСКИ ГРАЖДАНИ","https://www.ciela.net/svobodna-zona-normativi/view/2135605219/zakon-za-urezhdane-na-nyakoi-trudovi-i-osiguritelni-prava-na-balgarski-grazhdani"
"ЗАКОН ЗА НЕЗАВИСИМИТЕ ОЦЕНИТЕЛИ","https://www.ciela.net/svobodna-zona-normativi/view/2135605218/zakon-za-nezavisimite-otseniteli"
"ЗАКОН ЗА ПРИЕМАНЕ НА ДЕКЛАРАЦИЯ ЗА ПРИЗНАВАНЕ ЗАДЪЛЖИТЕЛНАТА ЮРИСДИКЦИЯ НА МЕЖДУНАРОДНИЯ СЪД И ЗА ОТТЕГЛЯНЕ НА РЕЗЕРВИТЕ ПО РАЗПОРЕДБИТЕ НА НЯКОИ МЕЖДУНАРОДНИ КОНВЕНЦИИ, ПРЕДВИЖДАЩИ ТАКАВА ЮРИСДИКЦИЯ","https://www.ciela.net/svobodna-zona-normativi/view/2132824577/zakon-za-priemane-na-deklaratsiya-za-priznavane-zadalzhitelnata-yurisdiktsiya-na-mezhdunarodniya-sad-i-za-otteglyane-na-rezervite-po-razporedbite-na-nyakoi-mezhdunarodni-konventsii-predvizhdashti-takava-yurisdiktsiya"
"ЗАКОН ЗА ОФИЦЕРСКИТЕ СЪБРАНИЯ","https://www.ciela.net/svobodna-zona-normativi/view/2135649625/zakon-za-ofitserskite-sabraniya"
"ЗАКОН ЗА ДЪРЖАВНИЯ ФОНД ЗА ГАРАНТИРАНЕ УСТОЙЧИВОСТ НА ДЪРЖАВНАТА ПЕНСИОННА СИСТЕМА","https://www.ciela.net/svobodna-zona-normativi/view/2135605211/zakon-za-darzhavniya-fond-za-garantirane-ustoychivost-na-darzhavnata-pensionna-sistema"
"ЗАКОН ЗА ОТТЕГЛЯНЕ НА РЕЗЕРВА И ПРИЕМАНЕ НА ДЕКЛАРАЦИЯ ПО МЕЖДУНАРОДНИ КОНВЕНЦИИ","https://www.ciela.net/svobodna-zona-normativi/view/2135728792/zakon-za-otteglyane-na-rezerva-i-priemane-na-deklaratsiya-po-mezhdunarodni-konventsii"
"ЗАКОН ЗА БЪЛГАРСКОТО ГРАЖДАНСТВО","https://www.ciela.net/svobodna-zona-normativi/view/2134446592/zakon-za-balgarskoto-grazhdanstvo"
"ЗАКОН ЗА ДВИЖЕНИЕТО ПО ПЪТИЩАТА","https://www.ciela.net/svobodna-zona-normativi/view/2134649345/zakon-za-dvizhenieto-po-patishtata"
"ЗАКОН ЗА МИНИСТЕРСТВОТО НА ВЪТРЕШНИТЕ РАБОТИ","https://www.ciela.net/svobodna-zona-normativi/view/2135516991/zakon-za-ministerstvoto-na-vatreshnite-raboti"
"ЗАКОН ЗА НЕЗАВИСИМИЯ ФИНАНСОВ ОДИТ ОТ 2001 Г.","https://www.ciela.net/svobodna-zona-normativi/view/2135215104/zakon-za-nezavisimiya-finansov-odit-ot-2001-g"
"ЗАКОН ЗА ВЪЗСТАНОВЯВАНЕ СОБСТВЕНОСТТА ВЪРХУ КОНФИСКУВАНИТЕ С УКАЗ № 88 НА ПРЕЗИДИУМА НА НС ОТ 1953 Г. (НЕОБНАРОДВАН) НЕДВИЖИМИ И ДВИЖИМИ ИМОТИ, ПРИНАДЛЕЖАЩИ НА КАТОЛИЧЕСКАТА ЧЕРКВА В ПРЕДЕЛИТЕ НА НАРОДНА РЕПУБЛИКА БЪЛГАРИЯ","https://www.ciela.net/svobodna-zona-normativi/view/2132857345/zakon-za-vazstanovyavane-sobstvenostta-varhu-konfiskuvanite-s-ukaz-%E2%84%96-88-na-prezidiuma-na-ns-ot-1953-g-(neobnarodvan)-nedvizhimi-i-dvizhimi-imoti-prinadlezhashti-na-katolicheskata-cherkva-v-predelite-na-narodna-republika-balgariya"
"ЗАКОН ЗА ВЪЗСТАНОВЯВАНЕ СОБСТВЕНОСТТА ВЪРХУ НЯКОИ ОТЧУЖДЕНИ ИМОТИ ПО ЗАКОНА ЗА ТЕРИТОРИАЛНО И СЕЛИЩНО УСТРОЙСТВО, ЗАКОНА ЗА ПЛАНОВОТО ИЗГРАЖДАНЕ НА НАСЕЛЕНИТЕ МЕСТА, ЗАКОНА ЗА БЛАГОУСТРОЙСТВО НА НАСЕЛЕНИТЕ МЕСТА, ЗАКОНА ЗА ДЪРЖАВНИТЕ ИМОТИ И ЗАКОНА З","https://www.ciela.net/svobodna-zona-normativi/view/2132811265/zakon-za-vazstanovyavane-sobstvenostta-varhu-nyakoi-otchuzhdeni-imoti-po-zakona-za-teritorialno-i-selishtno-ustroystvo-zakona-za-planovoto-izgrazhdane-na-naselenite-mesta-zakona-za-blagoustroystvo-na-naselenite-mesta-zakona-za-darzhavnite-imoti-i-zakona-z"
"ЗАКОН ЗА ПРЕБРОЯВАНЕ НА ЗЕМЕДЕЛСКИТЕ СТОПАНСТВА В РЕПУБЛИКА БЪЛГАРИЯ ПРЕЗ 2010 Г.","https://www.ciela.net/svobodna-zona-normativi/view/2135655347/zakon-za-prebroyavane-na-zemedelskite-stopanstva-v-republika-balgariya-prez-2010-g"
"ЗАКОН ЗА ОТТЕГЛЯНЕ НА РЕЗЕРВИТЕ, НАПРАВЕНИ ОТ РЕПУБЛИКА БЪЛГАРИЯ В СЪОТВЕТСТВИЕ С ЧЛ. 37, АЛ. 1 ОТ НАКАЗАТЕЛНАТА КОНВЕНЦИЯ ОТНОСНО КОРУПЦИЯТА","https://www.ciela.net/svobodna-zona-normativi/view/2135475757/zakon-za-otteglyane-na-rezervite-napraveni-ot-republika-balgariya-v-saotvetstvie-s-chl-37-al-1-ot-nakazatelnata-konventsiya-otnosno-koruptsiyata"
"ЗАКОН ЗА ОБРАЗУВАНЕ НА ЕДНОЛИЧНИ ТЪРГОВСКИ ДРУЖЕСТВА С ДЪРЖАВНО ИМУЩЕСТВО","https://www.ciela.net/svobodna-zona-normativi/view/2132569601/zakon-za-obrazuvane-na-ednolichni-targovski-druzhestva-s-darzhavno-imushtestvo"
"ЗАКОН ЗА ВОЕННАТА ПОЛИЦИЯ","https://www.ciela.net/svobodna-zona-normativi/view/2135737438/zakon-za-voennata-politsiya"
"ЗАКОН ЗА МАЛКИТЕ И СРЕДНИТЕ ПРЕДПРИЯТИЯ","https://www.ciela.net/svobodna-zona-normativi/view/2134682112/zakon-za-malkite-i-srednite-predpriyatiya"
"ЗАКОН ЗА ОБЩЕСТВЕНИТЕ БИБЛИОТЕКИ","https://www.ciela.net/svobodna-zona-normativi/view/2135636021/zakon-za-obshtestvenite-biblioteki"
"ЗАКОН ЗА ЗАДЪЛЖЕНИЯТА КЪМ МЕЖДУНАРОДНИЯ ФОНД ЗА ОБЕЗЩЕТЕНИЕ ПРИ ЩЕТИ, ПРИЧИНЕНИ ОТ ЗАМЪРСЯВАНЕ С НЕФТ","https://www.ciela.net/svobodna-zona-normativi/view/2135501939/zakon-za-zadalzheniyata-kam-mezhdunarodniya-fond-za-obezshtetenie-pri-shteti-prichineni-ot-zamarsyavane-s-neft"
"ЗАКОН ЗА ТРАНСПЛАНТАЦИЯ НА ОРГАНИ, ТЪКАНИ И КЛЕТКИ","https://www.ciela.net/svobodna-zona-normativi/view/2135471868/zakon-za-transplantatsiya-na-organi-takani-i-kletki"
"ЗАКОН ЗА ГРАЖДАНСКОТО ВЪЗДУХОПЛАВАНЕ","https://www.ciela.net/svobodna-zona-normativi/view/-19874815/zakon-za-grazhdanskoto-vazduhoplavane"
"ЗАКОН ЗА ЗАКРИЛА И РАЗВИТИЕ НА КУЛТУРАТА","https://www.ciela.net/svobodna-zona-normativi/view/2134664704/zakon-za-zakrila-i-razvitie-na-kulturata"
"ЗАКОН ЗА АМНИСТИЯ ОТ 1989 Г.","https://www.ciela.net/svobodna-zona-normativi/view/2132036608/zakon-za-amnistiya-ot-1989-g"
"ЗАКОН ЗА ДЪРЖАВНИЯ ДЪЛГ","https://www.ciela.net/svobodna-zona-normativi/view/2135458339/zakon-za-darzhavniya-dalg"
"ЗАКОН ЗА БЪЛГАРСКАТА АГЕНЦИЯ ПО БЕЗОПАСНОСТ НА ХРАНИТЕ","https://www.ciela.net/svobodna-zona-normativi/view/2135715161/zakon-za-balgarskata-agentsiya-po-bezopasnost-na-hranite"
"ЗАКОН ЗА СЪСЛОВНИТЕ ОРГАНИЗАЦИИ НА ЛЕКАРИТЕ И НА ЛЕКАРИТЕ ПО ДЕНТАЛНА МЕДИЦИНА (ЗАГЛ. ИЗМ. - ДВ, БР. 76 ОТ 2005 Г., В СИЛА ОТ 01.01.2007 Г.)","https://www.ciela.net/svobodna-zona-normativi/view/2134419457/zakon-za-saslovnite-organizatsii-na-lekarite-i-na-lekarite-po-dentalna-meditsina-(zagl-izm---dv-br-76-ot-2005-g-v-sila-ot-01012007-g)"
"ЗАКОН ЗА ТВОРЧЕСКИТЕ ФОНДОВЕ","https://www.ciela.net/svobodna-zona-normativi/view/2127836674/zakon-za-tvorcheskite-fondove"
"ЗАКОН ЗА СЪДЕБНАТА ВЛАСТ","https://www.ciela.net/svobodna-zona-normativi/view/2135560660/zakon-za-sadebnata-vlast"
"ЗАКОН ЗА ДЪРЖАВНИЯ ПРОТОКОЛ","https://www.ciela.net/svobodna-zona-normativi/view/2134917635/zakon-za-darzhavniya-protokol"
"ЗАКОН ЗА ДЕЙНОСТИТЕ ПО ПРЕДОСТАВЯНЕ НА УСЛУГИ","https://www.ciela.net/svobodna-zona-normativi/view/2135664930/zakon-za-deynostite-po-predostavyane-na-uslugi"
"ЗАКОН ЗА ПРИЗНАВАНЕ, ИЗПЪЛНЕНИЕ И ИЗПРАЩАНЕ НА АКТОВЕ ЗА КОНФИСКАЦИЯ ИЛИ ОТНЕМАНЕ И РЕШЕНИЯ ЗА НАЛАГАНЕ НА ФИНАНСОВИ САНКЦИИ (ЗАГЛ. ИЗМ. - ДВ, БР. 56 ОТ 2022 Г.)","https://www.ciela.net/svobodna-zona-normativi/view/2135664929/zakon-za-priznavane-izpalnenie-i-izprashtane-na-aktove-za-konfiskatsiya-ili-otnemane-i-resheniya-za-nalagane-na-finansovi-sanktsii-(zagl-izm---dv-br-56-ot-2022-g)"
"ЗАКОН ЗА ГАРАНТИРАНЕ НА ВЛОГОВЕТЕ В БАНКИТЕ ОТ 1998 Г.","https://www.ciela.net/svobodna-zona-normativi/view/2134402048/zakon-za-garantirane-na-vlogovete-v-bankite-ot-1998-g"
"ЗАКОН ЗА УСТРОЙСТВОТО НА ДЪРЖАВНИЯ БЮДЖЕТ","https://www.ciela.net/svobodna-zona-normativi/view/2133886466/zakon-za-ustroystvoto-na-darzhavniya-byudzhet"
"ЗАКОН ЗА ЮРИДИЧЕСКИТЕ ЛИЦА С НЕСТОПАНСКА ЦЕЛ","https://www.ciela.net/svobodna-zona-normativi/view/2134942720/zakon-za-yuridicheskite-litsa-s-nestopanska-tsel"
"ЗАКОН ЗА ВЪЗСТАНОВЯВАНЕ СОБСТВЕНОСТТА ВЪРХУ НЕДВИЖИМИ ИМОТИ НА БЪЛГАРСКИ ГРАЖДАНИ ОТ ТУРСКИ ПРОИЗХОД, НАПРАВИЛИ ПОСТЪПКИ ЗА ЗАМИНАВАНЕ В РЕПУБЛИКА ТУРЦИЯ И ДРУГИ СТРАНИ ПРЕЗ ПЕРИОДА МАЙ - СЕПТЕМВРИ 1989 Г.","https://www.ciela.net/svobodna-zona-normativi/view/2132837377/zakon-za-vazstanovyavane-sobstvenostta-varhu-nedvizhimi-imoti-na-balgarski-grazhdani-ot-turski-proizhod-napravili-postapki-za-zaminavane-v-republika-turtsiya-i-drugi-strani-prez-perioda-may---septemvri-1989-g"
"ЗАКОН ЗА МЕЖДУНАРОДНИТЕ ДОГОВОРИ НА РЕПУБЛИКА БЪЛГАРИЯ","https://www.ciela.net/svobodna-zona-normativi/view/2135213056/zakon-za-mezhdunarodnite-dogovori-na-republika-balgariya"
"ЗАКОН ЗА ПОСЕВНИЯ И ПОСАДЪЧНИЯ МАТЕРИАЛ","https://www.ciela.net/svobodna-zona-normativi/view/2135464084/zakon-za-posevniya-i-posadachniya-material"
"ЗАКОН ЗА КАМАРИТЕ НА АРХИТЕКТИТЕ И ИНЖЕНЕРИТЕ В ИНВЕСТИЦИОННОТО ПРОЕКТИРАНЕ","https://www.ciela.net/svobodna-zona-normativi/view/2135464083/zakon-za-kamarite-na-arhitektite-i-inzhenerite-v-investitsionnoto-proektirane"
"ЗАКОН ЗА БЪЛГАРСКАТА АКАДЕМИЯ НА НАУКИТЕ","https://www.ciela.net/svobodna-zona-normativi/view/2132584961/zakon-za-balgarskata-akademiya-na-naukite"
"ЗАКОН ЗА ПУБЛИЧНОТО ПРЕДЛАГАНЕ НА ЦЕННИ КНИЖА","https://www.ciela.net/svobodna-zona-normativi/view/2134697472/zakon-za-publichnoto-predlagane-na-tsenni-knizha"
"ЗАКОН ЗА БИОЛОГИЧНОТО РАЗНООБРАЗИЕ","https://www.ciela.net/svobodna-zona-normativi/view/2135456926/zakon-za-biologichnoto-raznoobrazie"
"ЗАКОН ЗА ДЪРЖАВНАТА ФИНАНСОВА ИНСПЕКЦИЯ","https://www.ciela.net/svobodna-zona-normativi/view/2135521986/zakon-za-darzhavnata-finansova-inspektsiya"
"ЗАКОН ЗА ЛИЦАТА И СЕМЕЙСТВОТО","https://www.ciela.net/svobodna-zona-normativi/view/2121624577/zakon-za-litsata-i-semeystvoto"
"ЗАКОН ЗА АРЕНДАТА В ЗЕМЕДЕЛИЕТО","https://www.ciela.net/svobodna-zona-normativi/view/2133894145/zakon-za-arendata-v-zemedelieto"
"ЗАКОН ЗА НАЦИОНАЛНАТА СТАНДАРТИЗАЦИЯ","https://www.ciela.net/svobodna-zona-normativi/view/2135512321/zakon-za-natsionalnata-standartizatsiya"
"ЗАКОН ЗА НАСЪРЧАВАНЕ НА ЗАЕТОСТТА","https://www.ciela.net/svobodna-zona-normativi/view/-12262909/zakon-za-nasarchavane-na-zaetostta"
"ЗАКОН ЗА ЗДРАВЕТО","https://www.ciela.net/svobodna-zona-normativi/view/2135489147/zakon-za-zdraveto"
"ЗАКОН ЗА НАСЪРЧАВАНЕ НА ИНВЕСТИЦИИТЕ (ЗАГЛ. ИЗМ. - ДВ, БР. 37 ОТ 2004 Г., В СИЛА ОТ 06.08.2004 Г.)","https://www.ciela.net/svobodna-zona-normativi/view/2134164480/zakon-za-nasarchavane-na-investitsiite-(zagl-izm---dv-br-37-ot-2004-g-v-sila-ot-06082004-g)"
"ЗАКОН ЗА ЕНЕРГЕТИКАТА","https://www.ciela.net/svobodna-zona-normativi/view/2135475623/zakon-za-energetikata"
"ЗАКОН ЗА ПРЕБРОЯВАНЕ НА НАСЕЛЕНИЕТО И ЖИЛИЩНИЯ ФОНД В РЕПУБЛИКА БЪЛГАРИЯ ПРЕЗ 2011 Г.","https://www.ciela.net/svobodna-zona-normativi/view/2135633969/zakon-za-prebroyavane-na-naselenieto-i-zhilishtniya-fond-v-republika-balgariya-prez-2011-g"
"ЗАКОН ЗА БОРБА СРЕЩУ ПРОТИВООБЩЕСТВЕНИТЕ ПРОЯВИ НА МАЛОЛЕТНИТЕ И НЕПЪЛНОЛЕТНИТЕ (ЗАГЛ. ИЗМ. - ИЗВ., БР. 11 ОТ 1961 Г.)","https://www.ciela.net/svobodna-zona-normativi/view/2123897345/zakon-za-borba-sreshtu-protivoobshtestvenite-proyavi-na-maloletnite-i-nepalnoletnite-(zagl-izm---izv-br-11-ot-1961-g)"
"ЗАКОН ЗА ЗАЩИТА НА КЛАСИФИЦИРАНАТА ИНФОРМАЦИЯ","https://www.ciela.net/svobodna-zona-normativi/view/2135448577/zakon-za-zashtita-na-klasifitsiranata-informatsiya"
"ЗАКОН ЗА СОБСТВЕНОСТТА И ПОЛЗВАНЕТО НА ЗЕМЕДЕЛСКИТЕ ЗЕМИ (ЗАГЛ. ИЗМ. - ДВ, БР. 14 ОТ 2015 Г.)","https://www.ciela.net/svobodna-zona-normativi/view/2132550145/zakon-za-sobstvenostta-i-polzvaneto-na-zemedelskite-zemi-(zagl-izm---dv-br-14-ot-2015-g)"
"ЗАКОН ЗА РЕГИСТРАЦИЯ И КОНТРОЛ НА ЗЕМЕДЕЛСКАТА И ГОРСКАТА ТЕХНИКА","https://www.ciela.net/svobodna-zona-normativi/view/2134417410/zakon-za-registratsiya-i-kontrol-na-zemedelskata-i-gorskata-tehnika"
"ЗАКОН ЗА МЕЦЕНАТСТВОТО","https://www.ciela.net/svobodna-zona-normativi/view/2135514206/zakon-za-metsenatstvoto"
"ЗАКОН ЗА АМНИСТИЯ ОТ 1974 Г.","https://www.ciela.net/svobodna-zona-normativi/view/2128130048/zakon-za-amnistiya-ot-1974-g"
"ЗАКОН ЗА ОПАЗВАНЕ НА СЕЛСКОСТОПАНСКОТО ИМУЩЕСТВО","https://www.ciela.net/svobodna-zona-normativi/view/2128112642/zakon-za-opazvane-na-selskostopanskoto-imushtestvo"
"ЗАКОН ЗА ОТБРАНАТА И ВЪОРЪЖЕНИТЕ СИЛИ НА РЕПУБЛИКА БЪЛГАРИЯ","https://www.ciela.net/svobodna-zona-normativi/view/2135631954/zakon-za-otbranata-i-vaorazhenite-sili-na-republika-balgariya"
"ЗАКОН ЗА ОТГОВОРНОСТТА ЗА ПРЕДОТВРАТЯВАНЕ И ОТСТРАНЯВАНЕ НА ЕКОЛОГИЧНИ ЩЕТИ","https://www.ciela.net/svobodna-zona-normativi/view/2135587536/zakon-za-otgovornostta-za-predotvratyavane-i-otstranyavane-na-ekologichni-shteti"
"ЗАКОН ЗА ЗАКРИВАНЕ НА МЕДИЦИНСКАТА АКАДЕМИЯ","https://www.ciela.net/svobodna-zona-normativi/view/2132295169/zakon-za-zakrivane-na-meditsinskata-akademiya"
"ЗАКОН ЗА АМНИСТИЯ ОТ 1990 Г.","https://www.ciela.net/svobodna-zona-normativi/view/2132295168/zakon-za-amnistiya-ot-1990-g"
"ЗАКОН ЗА ПУБЛИЧНИТЕ ФИНАНСИ","https://www.ciela.net/svobodna-zona-normativi/view/2135837967/zakon-za-publichnite-finansi"
"ЗАКОН ЗА ЗАПАСИТЕ ОТ НЕФТ И НЕФТОПРОДУКТИ","https://www.ciela.net/svobodna-zona-normativi/view/2135837969/zakon-za-zapasite-ot-neft-i-neftoprodukti"
"ЗАКОН ЗА ДЕЙНОСТТА НА КОЛЕКТИВНИТЕ ИНВЕСТИЦИОННИ СХЕМИ И НА ДРУГИ ПРЕДПРИЯТИЯ ЗА КОЛЕКТИВНО ИНВЕСТИРАНЕ","https://www.ciela.net/svobodna-zona-normativi/view/2135754011/zakon-za-deynostta-na-kolektivnite-investitsionni-shemi-i-na-drugi-predpriyatiya-za-kolektivno-investirane"
"ЗАКОН ЗА БЪЛГАРСКАТА ТЕЛЕГРАФНА АГЕНЦИЯ","https://www.ciela.net/svobodna-zona-normativi/view/2135764745/zakon-za-balgarskata-telegrafna-agentsiya"
"ЗАКОН ЗА БЮДЖЕТА НА НАЦИОНАЛНАТА ЗДРАВНООСИГУРИТЕЛНА КАСА ЗА 2012 Г.","https://www.ciela.net/svobodna-zona-normativi/view/2135764744/zakon-za-byudzheta-na-natsionalnata-zdravnoosiguritelna-kasa-za-2012-g"
"ЗАКОН ЗА ДЪРЖАВНИЯ БЮДЖЕТ НА РЕПУБЛИКА БЪЛГАРИЯ ЗА 2012 Г.","https://www.ciela.net/svobodna-zona-normativi/view/2135764986/zakon-za-darzhavniya-byudzhet-na-republika-balgariya-za-2012-g"
"ЗАКОН ЗА БЮДЖЕТА НА ДЪРЖАВНОТО ОБЩЕСТВЕНО ОСИГУРЯВАНЕ ЗА 2012 Г.","https://www.ciela.net/svobodna-zona-normativi/view/2135765299/zakon-za-byudzheta-na-darzhavnoto-obshtestveno-osiguryavane-za-2012-g"
"ЗАКОН ЗА АДМИНИСТРАТИВНО-ТЕРИТОРИАЛНИ ПРОМЕНИ В СТРАНАТА","https://www.ciela.net/svobodna-zona-normativi/view/2135849180/zakon-za-administrativno-teritorialni-promeni-v-stranata"
"ЗАКОН ЗА ОБЯВЯВАНЕ НА СЕЛА И СЕЛИЩА ЗА ГРАДОВЕ И СЕЛИЩА ОТ ГРАДСКИ ТИП","https://www.ciela.net/svobodna-zona-normativi/view/2135849406/zakon-za-obyavyavane-na-sela-i-selishta-za-gradove-i-selishta-ot-gradski-tip"
"ЗАКОН ЗА ИЗПЛАЩАНЕ НА ЗАДЪЛЖЕНИЯТА, УГОВОРЕНИ В ЗЛАТО","https://www.ciela.net/svobodna-zona-normativi/view/2135849405/zakon-za-izplashtane-na-zadalzheniyata-ugovoreni-v-zlato"
"ЗАКОН ЗА СЪХРАНЕНИЕ НА ВЪГЛЕРОДЕН ДИОКСИД В ЗЕМНИТЕ НЕДРА","https://www.ciela.net/svobodna-zona-normativi/view/2135776224/zakon-za-sahranenie-na-vagleroden-dioksid-v-zemnite-nedra"
"ЗАКОН ЗА РЕЗЕРВА НА ВЪОРЪЖЕНИТЕ СИЛИ НА РЕПУБЛИКА БЪЛГАРИЯ","https://www.ciela.net/svobodna-zona-normativi/view/2135780018/zakon-za-rezerva-na-vaorazhenite-sili-na-republika-balgariya"
"ЗАКОН ЗА ПРИЗНАВАНЕ, ИЗПЪЛНЕНИЕ И ИЗПРАЩАНЕ НА СЪДЕБНИ РЕШЕНИЯ И РЕШЕНИЯ ЗА ПРОБАЦИЯ С ОГЛЕД УПРАЖНЯВАНЕ НА НАДЗОР ВЪРХУ ПРОБАЦИОННИТЕ МЕРКИ И АЛТЕРНАТИВНИТЕ САНКЦИИ","https://www.ciela.net/svobodna-zona-normativi/view/2135782661/zakon-za-priznavane-izpalnenie-i-izprashtane-na-sadebni-resheniya-i-resheniya-za-probatsiya-s-ogled-uprazhnyavane-na-nadzor-varhu-probatsionnite-merki-i-alternativnite-sanktsii"
"ЗАКОН ЗА ХАЗАРТА","https://www.ciela.net/svobodna-zona-normativi/view/2135783265/zakon-za-hazarta"
"ЗАКОН ЗА МЛАДЕЖТА","https://www.ciela.net/svobodna-zona-normativi/view/2135786802/zakon-za-mladezhta"
"ЗАКОН ЗА ОТНЕМАНЕ В ПОЛЗА НА ДЪРЖАВАТА НА НЕЗАКОННО ПРИДОБИТО ИМУЩЕСТВО ОТ 2012 Г.","https://www.ciela.net/svobodna-zona-normativi/view/2135793015/zakon-za-otnemane-v-polza-na-darzhavata-na-nezakonno-pridobito-imushtestvo-ot-2012-g"
"ЗАКОН ЗА СТАТИСТИКАТА НА ВЪТРЕСЪЮЗНАТА ТЪРГОВИЯ СЪС СТОКИ (ЗАГЛ. ИЗМ. - ДВ, БР. 61 ОТ 2022 Г.)","https://www.ciela.net/svobodna-zona-normativi/view/2135794454/zakon-za-statistikata-na-vatresayuznata-targoviya-sas-stoki-(zagl-izm---dv-br-61-ot-2022-g)"
"ЗАКОН ЗА ВИНОТО И СПИРТНИТЕ НАПИТКИ","https://www.ciela.net/svobodna-zona-normativi/view/2135798102/zakon-za-vinoto-i-spirtnite-napitki"
"ЗАКОН ЗА ПУБЛИЧНО-ЧАСТНОТО ПАРТНЬОРСТВО","https://www.ciela.net/svobodna-zona-normativi/view/2135798101/zakon-za-publichno-chastnoto-partnyorstvo"
"ЗАКОН ЗА УПРАВЛЕНИЕ НА ОТПАДЪЦИТЕ","https://www.ciela.net/svobodna-zona-normativi/view/2135802037/zakon-za-upravlenie-na-otpadatsite"
"ЗАКОН ЗА ОТТЕГЛЯНЕ НА ДЕКЛАРАЦИЯТА ПО ЧЛ. 7, § 2 ОТ ЕВРОПЕЙСКАТА ХАРТА ЗА МЕСТНО САМОУПРАВЛЕНИЕ","https://www.ciela.net/svobodna-zona-normativi/view/2135803520/zakon-za-otteglyane-na-deklaratsiyata-po-chl-7-%C2%A7-2-ot-evropeyskata-harta-za-mestno-samoupravlenie"
"ЗАКОН ЗА ТУРИЗМА","https://www.ciela.net/svobodna-zona-normativi/view/2135845281/zakon-za-turizma"
"ЗАКОН ЗА НАГРАЖДАВАНЕ НА ЛИЦА ЗА ОСОБЕНИ ЗАСЛУГИ КЪМ БЪЛГАРСКАТА ДЪРЖАВА И НАЦИЯТА","https://www.ciela.net/svobodna-zona-normativi/view/2135821187/zakon-za-nagrazhdavane-na-litsa-za-osobeni-zaslugi-kam-balgarskata-darzhava-i-natsiyata"
"ЗАКОН ЗА БЮДЖЕТА НА ДЪРЖАВНОТО ОБЩЕСТВЕНО ОСИГУРЯВАНЕ ЗА 2013 Г.","https://www.ciela.net/svobodna-zona-normativi/view/2135828402/zakon-za-byudzheta-na-darzhavnoto-obshtestveno-osiguryavane-za-2013-g"
"ЗАКОН ЗА БЮДЖЕТА НА НАЦИОНАЛНАТА ЗДРАВНООСИГУРИТЕЛНА КАСА ЗА 2013 Г.","https://www.ciela.net/svobodna-zona-normativi/view/2135828922/zakon-za-byudzheta-na-natsionalnata-zdravnoosiguritelna-kasa-za-2013-g"
"ЗАКОН ЗА ДЪРЖАВНИЯ БЮДЖЕТ НА РЕПУБЛИКА БЪЛГАРИЯ ЗА 2013 Г.","https://www.ciela.net/svobodna-zona-normativi/view/2135829969/zakon-za-darzhavniya-byudzhet-na-republika-balgariya-za-2013-g"
"ЗАКОН ЗА ПРЕОБРАЗУВАНЕ НА СТРОИТЕЛНИТЕ ВОЙСКИ, ВОЙСКИТЕ НА МИНИСТЕРСТВОТО НА ТРАНСПОРТА И ВОЙСКИТЕ НА КОМИТЕТА ПО ПОЩИ И ДАЛЕКОСЪОБЩЕНИЯ В ДЪРЖАВНИ ПРЕДПРИЯТИЯ","https://www.ciela.net/svobodna-zona-normativi/view/2134930433/zakon-za-preobrazuvane-na-stroitelnite-voyski-voyskite-na-ministerstvoto-na-transporta-i-voyskite-na-komiteta-po-poshti-i-dalekosaobshteniya-v-darzhavni-predpriyatiya"
"ЗАКОН ЗА ОБЯВЯВАНЕ ДЪРЖАВНА СОБСТВЕНОСТ ИМОТИТЕ НА СЕМЕЙСТВАТА НА БИВШИТЕ ЦАРЕ ФЕРДИНАНД И БОРИС И НА ТЕХНИТЕ НАСЛЕДНИЦИ","https://www.ciela.net/svobodna-zona-normativi/view/2121163776/zakon-za-obyavyavane-darzhavna-sobstvenost-imotite-na-semeystvata-na-bivshite-tsare-ferdinand-i-boris-i-na-tehnite-naslednitsi"
"ЗАКОН ЗА БЮДЖЕТА НА ДЪРЖАВНОТО ОБЩЕСТВЕНО ОСИГУРЯВАНЕ ЗА 2014 Г.","https://www.ciela.net/svobodna-zona-normativi/view/2135981713/zakon-za-byudzheta-na-darzhavnoto-obshtestveno-osiguryavane-za-2014-g"
"ЗАКОН ЗА БЮДЖЕТА НА НАЦИОНАЛНАТА ЗДРАВНООСИГУРИТЕЛНА КАСА ЗА 2014 Г.","https://www.ciela.net/svobodna-zona-normativi/view/2135981714/zakon-za-byudzheta-na-natsionalnata-zdravnoosiguritelna-kasa-za-2014-g"
"ЗАКОН ЗА ДЪРЖАВНИЯ БЮДЖЕТ НА РЕПУБЛИКА БЪЛГАРИЯ ЗА 2014 Г.","https://www.ciela.net/svobodna-zona-normativi/view/2136003154/zakon-za-darzhavniya-byudzhet-na-republika-balgariya-za-2014-g"
"ЗАКОН ЗА ИКОНОМИЧЕСКИТЕ И ФИНАНСОВИТЕ ОТНОШЕНИЯ С ДРУЖЕСТВАТА, РЕГИСТРИРАНИ В ЮРИСДИКЦИИ С ПРЕФЕРЕНЦИАЛЕН ДАНЪЧЕН РЕЖИМ, КОНТРОЛИРАНИТЕ ОТ ТЯХ ЛИЦА И ТЕХНИТЕ ДЕЙСТВИТЕЛНИ СОБСТВЕНИЦИ (ЗАГЛ. ИЗМ. - ДВ, БР. 48 ОТ 2016 Г., В СИЛА ОТ 01.07.2016 Г.)","https://www.ciela.net/svobodna-zona-normativi/view/2136014509/zakon-za-ikonomicheskite-i-finansovite-otnosheniya-s-druzhestvata-registrirani-v-yurisdiktsii-s-preferentsialen-danachen-rezhim-kontroliranite-ot-tyah-litsa-i-tehnite-deystvitelni-sobstvenitsi-(zagl-izm---dv-br-48-ot-2016-g-v-sila-ot-01072016-g)"
"ЗАКОН ЗА ОГРАНИЧАВАНЕ ИЗМЕНЕНИЕТО НА КЛИМАТА","https://www.ciela.net/svobodna-zona-normativi/view/2136124027/zakon-za-ogranichavane-izmenenieto-na-klimata"
"ЗАКОН ЗА СМЕТНАТА ПАЛАТА","https://www.ciela.net/svobodna-zona-normativi/view/2136171316/zakon-za-smetnata-palata"
"ЗАКОН ЗА МИНИСТЕРСТВОТО НА ВЪТРЕШНИТЕ РАБОТИ","https://www.ciela.net/svobodna-zona-normativi/view/2136243824/zakon-za-ministerstvoto-na-vatreshnite-raboti"
"ЗАКОН ЗА СМЕТНАТА ПАЛАТА","https://www.ciela.net/svobodna-zona-normativi/view/2136436517/zakon-za-smetnata-palata"
"ЗАКОН ЗА ЗАЩИТА НА РАСТЕНИЯТА","https://www.ciela.net/svobodna-zona-normativi/view/2136270173/zakon-za-zashtita-na-rasteniyata"
"ЗАКОН ЗА БЮДЖЕТА НА ДЪРЖАВНОТО ОБЩЕСТВЕНО ОСИГУРЯВАНЕ ЗА 2015 Г.","https://www.ciela.net/svobodna-zona-normativi/view/2136410749/zakon-za-byudzheta-na-darzhavnoto-obshtestveno-osiguryavane-za-2015-g"
"ЗАКОН ЗА ДЪРЖАВНИЯ БЮДЖЕТ НА РЕПУБЛИКА БЪЛГАРИЯ ЗА 2015 Г.","https://www.ciela.net/svobodna-zona-normativi/view/2136410750/zakon-za-darzhavniya-byudzhet-na-republika-balgariya-za-2015-g"
"ЗАКОН ЗА БЮДЖЕТА НА НАЦИОНАЛНАТА ЗДРАВНООСИГУРИТЕЛНА КАСА ЗА 2015 Г.","https://www.ciela.net/svobodna-zona-normativi/view/2136410754/zakon-za-byudzheta-na-natsionalnata-zdravnoosiguritelna-kasa-za-2015-g"
"ЗАКОН ЗА ФИСКАЛЕН СЪВЕТ И АВТОМАТИЧНИ КОРЕКТИВНИ МЕХАНИЗМИ","https://www.ciela.net/svobodna-zona-normativi/view/2136477159/zakon-za-fiskalen-savet-i-avtomatichni-korektivni-mehanizmi"
"ЗАКОН ЗА ЕНЕРГИЙНАТА ЕФЕКТИВНОСТ","https://www.ciela.net/svobodna-zona-normativi/view/2136500695/zakon-za-energiynata-efektivnost"
"ЗАКОН ЗА ЕВРОПЕЙСКАТА ЗАПОВЕД ЗА ЗАЩИТА","https://www.ciela.net/svobodna-zona-normativi/view/2136529544/zakon-za-evropeyskata-zapoved-za-zashtita"
"ЗАКОН ЗА ЗАКРИВАНЕ НА НАЦИОНАЛНАТА СЛУЖБА ПО ЗЪРНОТО","https://www.ciela.net/svobodna-zona-normativi/view/2136568810/zakon-za-zakrivane-na-natsionalnata-sluzhba-po-zarnoto"
"ЗАКОН ЗА НАЦИОНАЛНАТА СЛУЖБА ЗА ОХРАНА","https://www.ciela.net/svobodna-zona-normativi/view/2136588571/zakon-za-natsionalnata-sluzhba-za-ohrana"
"ЗАКОН ЗА УПРАВЛЕНИЕ И ФУНКЦИОНИРАНЕ НА СИСТЕМАТА ЗА ЗАЩИТА НА НАЦИОНАЛНАТА СИГУРНОСТ","https://www.ciela.net/svobodna-zona-normativi/view/2136588572/zakon-za-upravlenie-i-funktsionirane-na-sistemata-za-zashtita-na-natsionalnata-sigurnost"
"ЗАКОН ЗА ГАРАНТИРАНЕ НА ВЛОГОВЕТЕ В БАНКИТЕ","https://www.ciela.net/svobodna-zona-normativi/view/2136592588/zakon-za-garantirane-na-vlogovete-v-bankite"
"ЗАКОН ЗА ВЪЗСТАНОВЯВАНЕ И ПРЕСТРУКТУРИРАНЕ НА КРЕДИТНИ ИНСТИТУЦИИ И ИНВЕСТИЦИОННИ ПОСРЕДНИЦИ","https://www.ciela.net/svobodna-zona-normativi/view/2136592613/zakon-za-vazstanovyavane-i-prestrukturirane-na-kreditni-institutsii-i-investitsionni-posrednitsi"
"ЗАКОН ЗА ПРЕДУЧИЛИЩНОТО И УЧИЛИЩНОТО ОБРАЗОВАНИЕ","https://www.ciela.net/svobodna-zona-normativi/view/2136641509/zakon-za-preduchilishtnoto-i-uchilishtnoto-obrazovanie"
"ЗАКОН ЗА ДЪРЖАВНА АГЕНЦИЯ ""РАЗУЗНАВАНЕ""","https://www.ciela.net/svobodna-zona-normativi/view/2136641510/zakon-za-darzhavna-agentsiya-"
"ЗАКОН ЗА ВОЕННОТО РАЗУЗНАВАНЕ","https://www.ciela.net/svobodna-zona-normativi/view/2136679099/zakon-za-voennoto-razuznavane"
"ЗАКОН ЗА ПРИЕМАНЕ НА ДЕКЛАРАЦИЯ ПО ЧЛ. 287, АЛ. 1 ОТ КОНВЕНЦИЯТА НА ОРГАНИЗАЦИЯТА НА ОБЕДИНЕНИТЕ НАЦИИ ПО МОРСКО ПРАВО ЗА ПРИЗНАВАНЕ НА ЮРИСДИКЦИЯТА НА МЕЖДУНАРОДНИЯ ТРИБУНАЛ ПО МОРСКО ПРАВО","https://www.ciela.net/svobodna-zona-normativi/view/2136680931/zakon-za-priemane-na-deklaratsiya-po-chl-287-al-1-ot-konventsiyata-na-organizatsiyata-na-obedinenite-natsii-po-morsko-pravo-za-priznavane-na-yurisdiktsiyata-na-mezhdunarodniya-tribunal-po-morsko-pravo"
"ЗАКОН ЗА СЧЕТОВОДСТВОТО","https://www.ciela.net/svobodna-zona-normativi/view/2136697598/zakon-za-schetovodstvoto"
"ЗАКОН ЗА ИЗПЪЛНЕНИЕ НА КОНВЕНЦИЯТА ПО КАСЕТЪЧНИТЕ БОЕПРИПАСИ И КОНВЕНЦИЯТА ЗА ЗАБРАНАТА НА ИЗПОЛЗВАНЕТО, СКЛАДИРАНЕТО, ПРОИЗВОДСТВОТО И ТРАНСФЕРА НА ПРОТИВОПЕХОТНИ МИНИ И ЗА ТЯХНОТО УНИЩОЖАВАНЕ","https://www.ciela.net/svobodna-zona-normativi/view/2136697616/zakon-za-izpalnenie-na-konventsiyata-po-kasetachnite-boepripasi-i-konventsiyata-za-zabranata-na-izpolzvaneto-skladiraneto-proizvodstvoto-i-transfera-na-protivopehotni-mini-i-za-tyahnoto-unishtozhavane"
"ЗАКОН ЗА ДЪРЖАВНИЯ БЮДЖЕТ НА РЕПУБЛИКА БЪЛГАРИЯ ЗА 2016 Г.","https://www.ciela.net/svobodna-zona-normativi/view/2136700906/zakon-za-darzhavniya-byudzhet-na-republika-balgariya-za-2016-g"
"ЗАКОН ЗА БЮДЖЕТА НА НАЦИОНАЛНАТА ЗДРАВНООСИГУРИТЕЛНА КАСА ЗА 2016 Г.","https://www.ciela.net/svobodna-zona-normativi/view/2136708847/zakon-za-byudzheta-na-natsionalnata-zdravnoosiguritelna-kasa-za-2016-g"
"ЗАКОН ЗА БЮДЖЕТА НА ДЪРЖАВНОТО ОБЩЕСТВЕНО ОСИГУРЯВАНЕ ЗА 2016 Г.","https://www.ciela.net/svobodna-zona-normativi/view/2136708852/zakon-za-byudzheta-na-darzhavnoto-obshtestveno-osiguryavane-za-2016-g"
"ЗАКОН ЗА УПРАВЛЕНИЕ НА СРЕДСТВАТА ОТ ЕВРОПЕЙСКИТЕ ФОНДОВЕ ПРИ СПОДЕЛЕНО УПРАВЛЕНИЕ (ЗАГЛ. ИЗМ. - ДВ, БР. 51 ОТ 2022 Г., В СИЛА ОТ 01.07.2022 Г.)","https://www.ciela.net/svobodna-zona-normativi/view/2136715858/zakon-za-upravlenie-na-sredstvata-ot-evropeyskite-fondove-pri-spodeleno-upravlenie-(zagl-izm---dv-br-51-ot-2022-g-v-sila-ot-01072022-g)"
"ЗАКОН ЗА ЦЕНТЪРА ЗА ОЦЕНКА НА РИСКА ПО ХРАНИТЕЛНАТА ВЕРИГА","https://www.ciela.net/svobodna-zona-normativi/view/2136841586/zakon-za-tsentara-za-otsenka-na-riska-po-hranitelnata-veriga"
"ЗАКОН ЗА ОБЩЕСТВЕНИТЕ ПОРЪЧКИ","https://www.ciela.net/svobodna-zona-normativi/view/2136735703/zakon-za-obshtestvenite-porachki"
"ЗАКОН ЗА ТРУДОВАТА МИГРАЦИЯ И ТРУДОВАТА МОБИЛНОСТ","https://www.ciela.net/svobodna-zona-normativi/view/2136803084/zakon-za-trudovata-migratsiya-i-trudovata-mobilnost"
"ЗАКОН ЗА РАВНОПОСТАВЕНОСТ НА ЖЕНИТЕ И МЪЖЕТЕ","https://www.ciela.net/svobodna-zona-normativi/view/2136803101/zakon-za-ravnopostavenost-na-zhenite-i-mazhete"
"ЗАКОН ЗА ПРИЗНАВАНЕ, ИЗПЪЛНЕНИЕ И ИЗПРАЩАНЕ НА АКТОВЕ ЗА НАЛАГАНЕ НА МЕРКИ ЗА ПРОЦЕСУАЛНА ПРИНУДА, РАЗЛИЧНИ ОТ МЕРКИТЕ, ИЗИСКВАЩИ ЗАДЪРЖАНЕ","https://www.ciela.net/svobodna-zona-normativi/view/2136803088/zakon-za-priznavane-izpalnenie-i-izprashtane-na-aktove-za-nalagane-na-merki-za-protsesualna-prinuda-razlichni-ot-merkite-iziskvashti-zadarzhane"
"ЗАКОН ЗА ЕЛЕКТРОННАТА ИДЕНТИФИКАЦИЯ","https://www.ciela.net/svobodna-zona-normativi/view/2136822116/zakon-za-elektronnata-identifikatsiya"
"ЗАКОН ЗА КРЕДИТИТЕ ЗА НЕДВИЖИМИ ИМОТИ НА ПОТРЕБИТЕЛИ","https://www.ciela.net/svobodna-zona-normativi/view/2136890030/zakon-za-kreditite-za-nedvizhimi-imoti-na-potrebiteli"
"ЗАКОН ЗА ПРЕДОСТАВЯНЕ НА ПОМОЩ ЗА ИЗПЛАЩАНЕ НА ЗАДЪЛЖЕНИЯ НА ""НАЦИОНАЛНА ЕЛЕКТРИЧЕСКА КОМПАНИЯ"" - ЕАД","https://www.ciela.net/svobodna-zona-normativi/view/2136906199/zakon-za-predostavyane-na-pomosht-za-izplashtane-na-zadalzheniya-na-"
"ЗАКОН ЗА ПРИЛАГАНЕ НА МЕРКИТЕ СРЕЩУ ПАЗАРНИТЕ ЗЛОУПОТРЕБИ С ФИНАНСОВИ ИНСТРУМЕНТИ","https://www.ciela.net/svobodna-zona-normativi/view/2136906180/zakon-za-prilagane-na-merkite-sreshtu-pazarnite-zloupotrebi-s-finansovi-instrumenti"
"ЗАКОН ЗА ОГРАНИЧАВАНЕ НОСЕНЕТО НА ОБЛЕКЛО, ПРИКРИВАЩО ИЛИ СКРИВАЩО ЛИЦЕТО","https://www.ciela.net/svobodna-zona-normativi/view/2136914670/zakon-za-ogranichavane-noseneto-na-obleklo-prikrivashto-ili-skrivashto-litseto"
"ЗАКОН ЗА НЕЗАВИСИМИЯ ФИНАНСОВ ОДИТ И ИЗРАЗЯВАНЕТО НА СИГУРНОСТ ПО УСТОЙЧИВОСТТА (ЗАГЛ. ДОП. - ДВ, БР. 79 ОТ 2024 Г.)","https://www.ciela.net/svobodna-zona-normativi/view/2136937441/zakon-za-nezavisimiya-finansov-odit-i-izrazyavaneto-na-sigurnost-po-ustoychivostta-(zagl-dop---dv-br-79-ot-2024-g)"
"ЗАКОН ЗА БЮДЖЕТА НА НАЦИОНАЛНАТА ЗДРАВНООСИГУРИТЕЛНА КАСА ЗА 2017 Г.","https://www.ciela.net/svobodna-zona-normativi/view/2136949076/zakon-za-byudzheta-na-natsionalnata-zdravnoosiguritelna-kasa-za-2017-g"
"ЗАКОН ЗА БЮДЖЕТА НА ДЪРЖАВНОТО ОБЩЕСТВЕНО ОСИГУРЯВАНЕ ЗА 2017 Г.","https://www.ciela.net/svobodna-zona-normativi/view/2136949160/zakon-za-byudzheta-na-darzhavnoto-obshtestveno-osiguryavane-za-2017-g"
"ЗАКОН ЗА ДЪРЖАВНИЯ БЮДЖЕТ НА РЕПУБЛИКА БЪЛГАРИЯ ЗА 2017 Г.","https://www.ciela.net/svobodna-zona-normativi/view/2136949161/zakon-za-darzhavniya-byudzhet-na-republika-balgariya-za-2017-g"
"ЗАКОН ЗА ПРОТИВОДЕЙСТВИЕ НА ТЕРОРИЗМА","https://www.ciela.net/svobodna-zona-normativi/view/2136974730/zakon-za-protivodeystvie-na-terorizma"
"ЗАКОН ЗА ДЪРЖАВНИТЕ ПОМОЩИ","https://www.ciela.net/svobodna-zona-normativi/view/2137177456/zakon-za-darzhavnite-pomoshti"
"ЗАКОН ЗА КОНЦЕСИИТЕ","https://www.ciela.net/svobodna-zona-normativi/view/2137178490/zakon-za-kontsesiite"
"ЗАКОН ЗА БЮДЖЕТА НА ДЪРЖАВНОТО ОБЩЕСТВЕНО ОСИГУРЯВАНЕ ЗА 2018 Г.","https://www.ciela.net/svobodna-zona-normativi/view/2137178746/zakon-za-byudzheta-na-darzhavnoto-obshtestveno-osiguryavane-za-2018-g"
"ЗАКОН ЗА ДЪРЖАВНИЯ БЮДЖЕТ НА РЕПУБЛИКА БЪЛГАРИЯ ЗА 2018 Г.","https://www.ciela.net/svobodna-zona-normativi/view/2137178752/zakon-za-darzhavniya-byudzhet-na-republika-balgariya-za-2018-g"
"ЗАКОН ЗА БЮДЖЕТА НА НАЦИОНАЛНАТА ЗДРАВНООСИГУРИТЕЛНА КАСА ЗА 2018 Г.","https://www.ciela.net/svobodna-zona-normativi/view/2137178948/zakon-za-byudzheta-na-natsionalnata-zdravnoosiguritelna-kasa-za-2018-g"
"ЗАКОН ЗА ОТНЕМАНЕ НА НЕЗАКОННО ПРИДОБИТОТО ИМУЩЕСТВО (ЗАГЛ. ИЗМ. - ДВ, БР. 84 ОТ 2023 Г., В СИЛА ОТ 06.10.2023 Г.)","https://www.ciela.net/svobodna-zona-normativi/view/2137180227/zakon-za-otnemane-na-nezakonno-pridobitoto-imushtestvo-(zagl-izm---dv-br-84-ot-2023-g-v-sila-ot-06102023-g)"
"ЗАКОН ЗА ЧАСТНАТА ОХРАНИТЕЛНА ДЕЙНОСТ","https://www.ciela.net/svobodna-zona-normativi/view/2137180492/zakon-za-chastnata-ohranitelna-deynost"
"ЗАКОН ЗА ПАЗАРИТЕ НА ФИНАНСОВИ ИНСТРУМЕНТИ","https://www.ciela.net/svobodna-zona-normativi/view/2137180966/zakon-za-pazarite-na-finansovi-instrumenti"
"ЗАКОН ЗА ЕВРОПЕЙСКАТА ЗАПОВЕД ЗА РАЗСЛЕДВАНЕ","https://www.ciela.net/svobodna-zona-normativi/view/2137181039/zakon-za-evropeyskata-zapoved-za-razsledvane"
"ЗАКОН ЗА ПЛАТЕЖНИТЕ УСЛУГИ И ПЛАТЕЖНИТЕ СИСТЕМИ","https://www.ciela.net/svobodna-zona-normativi/view/2137182267/zakon-za-platezhnite-uslugi-i-platezhnite-sistemi"
"ЗАКОН ЗА ЕЛЕКТРОННИТЕ СЪОБЩИТЕЛНИ МРЕЖИ И ФИЗИЧЕСКА ИНФРАСТРУКТУРА","https://www.ciela.net/svobodna-zona-normativi/view/2137182374/zakon-za-elektronnite-saobshtitelni-mrezhi-i-fizicheska-infrastruktura"
"ЗАКОН ЗА МЕРКИТЕ СРЕЩУ ИЗПИРАНЕТО НА ПАРИ","https://www.ciela.net/svobodna-zona-normativi/view/2137182924/zakon-za-merkite-sreshtu-izpiraneto-na-pari"
"ЗАКОН ЗА АДМИНИСТРАТИВНОТО РЕГУЛИРАНЕ НА ИКОНОМИЧЕСКИТЕ ДЕЙНОСТИ, СВЪРЗАНИ С НЕФТ И ПРОДУКТИ ОТ НЕФТЕН ПРОИЗХОД","https://www.ciela.net/svobodna-zona-normativi/view/2137185952/zakon-za-administrativnoto-regulirane-na-ikonomicheskite-deynosti-svarzani-s-neft-i-produkti-ot-neften-proizhod"
"ЗАКОН ЗА ФИЗИЧЕСКОТО ВЪЗПИТАНИЕ И СПОРТА","https://www.ciela.net/svobodna-zona-normativi/view/2137187621/zakon-za-fizicheskoto-vazpitanie-i-sporta"
"ЗАКОН ЗА ПРЕДПРИЯТИЯТА НА СОЦИАЛНАТА И СОЛИДАРНА ИКОНОМИКА","https://www.ciela.net/svobodna-zona-normativi/view/2137187968/zakon-za-predpriyatiyata-na-sotsialnata-i-solidarna-ikonomika"
"ЗАКОН ЗА КИБЕРСИГУРНОСТ","https://www.ciela.net/svobodna-zona-normativi/view/2137188253/zakon-za-kibersigurnost"
"ЗАКОН ЗА БЮДЖЕТА НА НАЦИОНАЛНАТА ЗДРАВНООСИГУРИТЕЛНА КАСА ЗА 2019 Г.","https://www.ciela.net/svobodna-zona-normativi/view/2137188958/zakon-za-byudzheta-na-natsionalnata-zdravnoosiguritelna-kasa-za-2019-g"
"ЗАКОН ЗА БЮДЖЕТА НА ДЪРЖАВНОТО ОБЩЕСТВЕНО ОСИГУРЯВАНЕ ЗА 2019 Г.","https://www.ciela.net/svobodna-zona-normativi/view/2137188959/zakon-za-byudzheta-na-darzhavnoto-obshtestveno-osiguryavane-za-2019-g"
"ЗАКОН ЗА ДЪРЖАВНИЯ БЮДЖЕТ НА РЕПУБЛИКА БЪЛГАРИЯ ЗА 2019 Г.","https://www.ciela.net/svobodna-zona-normativi/view/2137189074/zakon-za-darzhavniya-byudzhet-na-republika-balgariya-za-2019-g"
"ЗАКОН ЗА ЛИЧНАТА ПОМОЩ","https://www.ciela.net/svobodna-zona-normativi/view/2137189250/zakon-za-lichnata-pomosht"
"ЗАКОН ЗА ХОРАТА С УВРЕЖДАНИЯ","https://www.ciela.net/svobodna-zona-normativi/view/2137189213/zakon-za-horata-s-uvrezhdaniya"
"ЗАКОН ЗА ПРЕБРОЯВАНЕ НА НАСЕЛЕНИЕТО И ЖИЛИЩНИЯ ФОНД В РЕПУБЛИКА БЪЛГАРИЯ ПРЕЗ 2021 Г.","https://www.ciela.net/svobodna-zona-normativi/view/2137191635/zakon-za-prebroyavane-na-naselenieto-i-zhilishtniya-fond-v-republika-balgariya-prez-2021-g"
"ЗАКОН ЗА ПРЕБРОЯВАНЕ НА ЗЕМЕДЕЛСКИТЕ СТОПАНСТВА В РЕПУБЛИКА БЪЛГАРИЯ ПРЕЗ 2020 Г.","https://www.ciela.net/svobodna-zona-normativi/view/2137191745/zakon-za-prebroyavane-na-zemedelskite-stopanstva-v-republika-balgariya-prez-2020-g"
"ЗАКОН ЗА СОЦИАЛНИТЕ УСЛУГИ","https://www.ciela.net/svobodna-zona-normativi/view/2137191914/zakon-za-sotsialnite-uslugi"
"ЗАКОН ЗА ЗАЩИТА НА ТЪРГОВСКАТА ТАЙНА","https://www.ciela.net/svobodna-zona-normativi/view/2137192307/zakon-za-zashtita-na-targovskata-tayna"
"ЗАКОН ЗА ПРИЗНАВАНЕ, ИЗПЪЛНЕНИЕ И ИЗПРАЩАНЕ НА СЪДЕБНИ АКТОВЕ ЗА НАЛАГАНЕ НА НАКАЗАНИЕ ЛИШАВАНЕ ОТ СВОБОДА ИЛИ НА МЕРКИ, ВКЛЮЧВАЩИ ЛИШАВАНЕ ОТ СВОБОДА","https://www.ciela.net/svobodna-zona-normativi/view/2137193665/zakon-za-priznavane-izpalnenie-i-izprashtane-na-sadebni-aktove-za-nalagane-na-nakazanie-lishavane-ot-svoboda-ili-na-merki-vklyuchvashti-lishavane-ot-svoboda"
"ЗАКОН ЗА ПУБЛИЧНИТЕ ПРЕДПРИЯТИЯ","https://www.ciela.net/svobodna-zona-normativi/view/2137196641/zakon-za-publichnite-predpriyatiya"
"ЗАКОН ЗА МАРКИТЕ И ГЕОГРАФСКИТЕ ОЗНАЧЕНИЯ","https://www.ciela.net/svobodna-zona-normativi/view/2137198305/zakon-za-markite-i-geografskite-oznacheniya"
"ЗАКОН ЗА БЮДЖЕТА НА НАЦИОНАЛНАТА ЗДРАВНООСИГУРИТЕЛНА КАСА ЗА 2020 Г.","https://www.ciela.net/svobodna-zona-normativi/view/2137198374/zakon-za-byudzheta-na-natsionalnata-zdravnoosiguritelna-kasa-za-2020-g"
"ЗАКОН ЗА БЮДЖЕТА НА ДЪРЖАВНОТО ОБЩЕСТВЕНО ОСИГУРЯВАНЕ ЗА 2020 Г.","https://www.ciela.net/svobodna-zona-normativi/view/2137198376/zakon-za-byudzheta-na-darzhavnoto-obshtestveno-osiguryavane-za-2020-g"
"ЗАКОН ЗА ДЪРЖАВНИЯ БЮДЖЕТ НА РЕПУБЛИКА БЪЛГАРИЯ ЗА 2020 Г.","https://www.ciela.net/svobodna-zona-normativi/view/2137198498/zakon-za-darzhavniya-byudzhet-na-republika-balgariya-za-2020-g"
"ЗАКОН ЗА МАСЛОДАЙНАТА РОЗА","https://www.ciela.net/svobodna-zona-normativi/view/2137199854/zakon-za-maslodaynata-roza"
"ЗАКОН ЗА ИНДУСТРИАЛНИТЕ ПАРКОВЕ","https://www.ciela.net/svobodna-zona-normativi/view/2137210494/zakon-za-industrialnite-parkove"
"ЗАКОН ЗА ПРИЛАГАНЕ НА РАЗПОРЕДБИ НА ЗАКОНА ЗА ДЪРЖАВНИЯ БЮДЖЕТ НА РЕПУБЛИКА БЪЛГАРИЯ ЗА 2021 Г., ЗАКОНА ЗА БЮДЖЕТА НА ДЪРЖАВНОТО ОБЩЕСТВЕНО ОСИГУРЯВАНЕ ЗА 2021 Г. И ЗАКОНА ЗА БЮДЖЕТА НА НАЦИОНАЛНАТА ЗДРАВНООСИГУРИТЕЛНА КАСА ЗА 2021 Г.","https://www.ciela.net/svobodna-zona-normativi/view/2137218196/zakon-za-prilagane-na-razporedbi-na-zakona-za-darzhavniya-byudzhet-na-republika-balgariya-za-2021-g-zakona-za-byudzheta-na-darzhavnoto-obshtestveno-osiguryavane-za-2021-g-i-zakona-za-byudzheta-na-natsionalnata-zdravnoosiguritelna-kasa-za-2021-g"
"ЗАКОН ЗА МЕРКИТЕ И ДЕЙСТВИЯТА ПО ВРЕМЕ НА ИЗВЪНРЕДНОТО ПОЛОЖЕНИЕ, ОБЯВЕНО С РЕШЕНИЕ НА НАРОДНОТО СЪБРАНИЕ ОТ 13 МАРТ 2020 Г. И ЗА ПРЕОДОЛЯВАНЕ НА ПОСЛЕДИЦИТЕ (ЗАГЛ. ДОП. - ДВ, БР. 44 ОТ 2020 Г., В СИЛА ОТ 14.05.2020 Г.)","https://www.ciela.net/svobodna-zona-normativi/view/2137201253/zakon-za-merkite-i-deystviyata-po-vreme-na-izvanrednoto-polozhenie-obyaveno-s-reshenie-na-narodnoto-sabranie-ot-13-mart-2020-g-i-za-preodolyavane-na-posleditsite-(zagl-dop---dv-br-44-ot-2020-g-v-sila-ot-14052020-g)"
"ЗАКОН ЗА УПРАВЛЕНИЕ НА АГРОХРАНИТЕЛНАТА ВЕРИГА","https://www.ciela.net/svobodna-zona-normativi/view/2137202954/zakon-za-upravlenie-na-agrohranitelnata-veriga"
"ЗАКОН ЗА ХРАНИТЕ","https://www.ciela.net/svobodna-zona-normativi/view/2137203080/zakon-za-hranite"
"ЗАКОН ЗА ИЗПЪЛНЕНИЕ НА РЕГЛАМЕНТ (ЕС) 2019/125 НА ЕВРОПЕЙСКИЯ ПАРЛАМЕНТ И НА СЪВЕТА ОТ 16 ЯНУАРИ 2019 Г. ОТНОСНО ТЪРГОВИЯТА С НЯКОИ СТОКИ, КОИТО БИХА МОГЛИ ДА БЪДАТ ИЗПОЛЗВАНИ С ЦЕЛ ИЗПЪЛНЕНИЕ НА СМЪРТНО НАКАЗАНИЕ, ИЗТЕЗАНИЯ ИЛИ ДРУГИ ФОРМИ НА ЖЕСТОК","https://www.ciela.net/svobodna-zona-normativi/view/2137205408/zakon-za-izpalnenie-na-reglament-(es)-2019/125-na-evropeyskiya-parlament-i-na-saveta-ot-16-yanuari-2019-g-otnosno-targoviyata-s-nyakoi-stoki-koito-biha-mogli-da-badat-izpolzvani-s-tsel-izpalnenie-na-smartno-nakazanie-iztezaniya-ili-drugi-formi-na-zhestok"
"ЗАКОН ЗА ОТТЕГЛЯНЕ НА РЕЗЕРВАТА, НАПРАВЕНА ОТ РЕПУБЛИКА БЪЛГАРИЯ ПО ЧЛ. 31 ОТ КОНВЕНЦИЯТА ЗА СТАТУТА НА ЛИЦАТА БЕЗ ГРАЖДАНСТВО, ПРИЕТА В НЮ ЙОРК НА 28 СЕПТЕМВРИ 1954 Г. (ДВ, БР. 60 ОТ 7 АВГУСТ 2012 Г.)","https://www.ciela.net/svobodna-zona-normativi/view/2137205693/zakon-za-otteglyane-na-rezervata-napravena-ot-republika-balgariya-po-chl-31-ot-konventsiyata-za-statuta-na-litsata-bez-grazhdanstvo-prieta-v-nyu-york-na-28-septemvri-1954-g-(dv-br-60-ot-7-avgust-2012-g)"
"ЗАКОН ЗА БЮДЖЕТА НА НАЦИОНАЛНАТА ЗДРАВНООСИГУРИТЕЛНА КАСА ЗА 2021 Г.","https://www.ciela.net/svobodna-zona-normativi/view/2137207515/zakon-za-byudzheta-na-natsionalnata-zdravnoosiguritelna-kasa-za-2021-g"
"ЗАКОН ЗА БЮДЖЕТА НА ДЪРЖАВНОТО ОБЩЕСТВЕНО ОСИГУРЯВАНЕ ЗА 2021 Г.","https://www.ciela.net/svobodna-zona-normativi/view/2137207523/zakon-za-byudzheta-na-darzhavnoto-obshtestveno-osiguryavane-za-2021-g"
"ЗАКОН ЗА ДЪРЖАВНИЯ БЮДЖЕТ НА РЕПУБЛИКА БЪЛГАРИЯ ЗА 2021 Г.","https://www.ciela.net/svobodna-zona-normativi/view/2137207657/zakon-za-darzhavniya-byudzhet-na-republika-balgariya-za-2021-g"
"ЗАКОН ЗА БЪЛГАРСКИЯ ЖЕСТОВ ЕЗИК","https://www.ciela.net/svobodna-zona-normativi/view/2137209455/zakon-za-balgarskiya-zhestov-ezik"
"ЗАКОН ЗА ДРУЖЕСТВАТА СЪС СПЕЦИАЛНА ИНВЕСТИЦИОННА ЦЕЛ И ЗА ДРУЖЕСТВАТА ЗА СЕКЮРИТИЗАЦИЯ","https://www.ciela.net/svobodna-zona-normativi/view/2137210497/zakon-za-druzhestvata-sas-spetsialna-investitsionna-tsel-i-za-druzhestvata-za-sekyuritizatsiya"
"ЗАКОН ЗА ПРЕДОСТАВЯНЕ НА ЦИФРОВО СЪДЪРЖАНИЕ И ЦИФРОВИ УСЛУГИ И ЗА ПРОДАЖБА НА СТОКИ","https://www.ciela.net/svobodna-zona-normativi/view/2137210804/zakon-za-predostavyane-na-tsifrovo-sadarzhanie-i-tsifrovi-uslugi-i-za-prodazhba-na-stoki"
"ЗАКОН ЗА БЮДЖЕТА НА НАЦИОНАЛНАТА ЗДРАВНООСИГУРИТЕЛНА КАСА ЗА 2022 Г.","https://www.ciela.net/svobodna-zona-normativi/view/2137220479/zakon-za-byudzheta-na-natsionalnata-zdravnoosiguritelna-kasa-za-2022-g"
"ЗАКОН ЗА БЮДЖЕТА НА ДЪРЖАВНОТО ОБЩЕСТВЕНО ОСИГУРЯВАНЕ ЗА 2022 Г.","https://www.ciela.net/svobodna-zona-normativi/view/2137220484/zakon-za-byudzheta-na-darzhavnoto-obshtestveno-osiguryavane-za-2022-g"
"ЗАКОН ЗА ДЪРЖАВНИЯ БЮДЖЕТ НА РЕПУБЛИКА БЪЛГАРИЯ ЗА 2022 Г.","https://www.ciela.net/svobodna-zona-normativi/view/2137220490/zakon-za-darzhavniya-byudzhet-na-republika-balgariya-za-2022-g"
"ЗАКОН ЗА ПОКРИТИТЕ ОБЛИГАЦИИ","https://www.ciela.net/svobodna-zona-normativi/view/2137221764/zakon-za-pokritite-obligatsii"
"ЗАКОН ЗА ПРИЛАГАНЕ НА РАЗПОРЕДБИ НА ЗАКОНА ЗА ДЪРЖАВНИЯ БЮДЖЕТ НА РЕПУБЛИКА БЪЛГАРИЯ ЗА 2022 Г., ЗАКОНА ЗА БЮДЖЕТА НА ДЪРЖАВНОТО ОБЩЕСТВЕНО ОСИГУРЯВАНЕ ЗА 2022 Г. И ЗАКОНА ЗА БЮДЖЕТА НА НАЦИОНАЛНАТА ЗДРАВНООСИГУРИТЕЛНА КАСА ЗА 2022 Г.","https://www.ciela.net/svobodna-zona-normativi/view/2137229465/zakon-za-prilagane-na-razporedbi-na-zakona-za-darzhavniya-byudzhet-na-republika-balgariya-za-2022-g-zakona-za-byudzheta-na-darzhavnoto-obshtestveno-osiguryavane-za-2022-g-i-zakona-za-byudzheta-na-natsionalnata-zdravnoosiguritelna-kasa-za-2022-g"
"ЗАКОН ЗА КОМПЕНСИРАНЕ НА РАЗХОДИТЕ НА ПОТРЕБИТЕЛИТЕ ЗА ТРАНСПОРТ","https://www.ciela.net/svobodna-zona-normativi/view/2137230755/zakon-za-kompensirane-na-razhodite-na-potrebitelite-za-transport"
"ЗАКОН ЗА КОНТРОЛ ПО ПРИЛАГАНЕ НА ОГРАНИЧИТЕЛНИТЕ МЕРКИ С ОГЛЕД НА ДЕЙСТВИЯТА НА РУСИЯ, ДЕСТАБИЛИЗИРАЩИ ПОЛОЖЕНИЕТО В УКРАЙНА","https://www.ciela.net/svobodna-zona-normativi/view/2137230983/zakon-za-kontrol-po-prilagane-na-ogranichitelnite-merki-s-ogled-na-deystviyata-na-rusiya-destabilizirashti-polozhenieto-v-ukrayna"
"ЗАКОН ЗА ЗАЩИТА НА ЛИЦАТА, ПОДАВАЩИ СИГНАЛИ ИЛИ ПУБЛИЧНО ОПОВЕСТЯВАЩИ ИНФОРМАЦИЯ ЗА НАРУШЕНИЯ","https://www.ciela.net/svobodna-zona-normativi/view/2137231156/zakon-za-zashtita-na-litsata-podavashti-signali-ili-publichno-opovestyavashti-informatsiya-za-narusheniya"
"ЗАКОН ЗА ДЕНОНСИРАНЕ НА СПОРАЗУМЕНИЕТО ЗА ОСНОВАВАНЕТО НА МЕЖДУНАРОДНАТА ИНВЕСТИЦИОННА БАНКА И НА СПОРАЗУМЕНИЕТО ЗА ОРГАНИЗАЦИЯТА И ДЕЙНОСТТА НА МЕЖДУНАРОДНАТА БАНКА ЗА ИКОНОМИЧЕСКО СЪТРУДНИЧЕСТВО","https://www.ciela.net/svobodna-zona-normativi/view/2137231404/zakon-za-denonsirane-na-sporazumenieto-za-osnovavaneto-na-mezhdunarodnata-investitsionna-banka-i-na-sporazumenieto-za-organizatsiyata-i-deynostta-na-mezhdunarodnata-banka-za-ikonomichesko-satrudnichestvo"
"ЗАКОН ЗА БЮДЖЕТА НА НАЦИОНАЛНАТА ЗДРАВНООСИГУРИТЕЛНА КАСА ЗА 2023 Г.","https://www.ciela.net/svobodna-zona-normativi/view/2137235200/zakon-za-byudzheta-na-natsionalnata-zdravnoosiguritelna-kasa-za-2023-g"
"ЗАКОН ЗА БЮДЖЕТА НА ДЪРЖАВНОТО ОБЩЕСТВЕНО ОСИГУРЯВАНЕ ЗА 2023 Г.","https://www.ciela.net/svobodna-zona-normativi/view/2137235201/zakon-za-byudzheta-na-darzhavnoto-obshtestveno-osiguryavane-za-2023-g"
"ЗАКОН ЗА ДЪРЖАВНИЯ БЮДЖЕТ НА РЕПУБЛИКА БЪЛГАРИЯ ЗА 2023 Г.","https://www.ciela.net/svobodna-zona-normativi/view/2137235202/zakon-za-darzhavniya-byudzhet-na-republika-balgariya-za-2023-g"
"ЗАКОН ЗА ПРОТИВОДЕЙСТВИЕ НА КОРУПЦИЯТА","https://www.ciela.net/svobodna-zona-normativi/view/2137236963/zakon-za-protivodeystvie-na-koruptsiyata"
"ЗАКОН ЗА БЮДЖЕТА НА НАЦИОНАЛНАТА ЗДРАВНООСИГУРИТЕЛНА КАСА ЗА 2024 Г.","https://www.ciela.net/svobodna-zona-normativi/view/2137238711/zakon-za-byudzheta-na-natsionalnata-zdravnoosiguritelna-kasa-za-2024-g"
"ЗАКОН ЗА БЮДЖЕТА НА ДЪРЖАВНОТО ОБЩЕСТВЕНО ОСИГУРЯВАНЕ ЗА 2024 Г.","https://www.ciela.net/svobodna-zona-normativi/view/2137238713/zakon-za-byudzheta-na-darzhavnoto-obshtestveno-osiguryavane-za-2024-g"
"ЗАКОН ЗА ДЪРЖАВНИЯ БЮДЖЕТ НА РЕПУБЛИКА БЪЛГАРИЯ ЗА 2024 Г.","https://www.ciela.net/svobodna-zona-normativi/view/2137238807/zakon-za-darzhavniya-byudzhet-na-republika-balgariya-za-2024-g"
"ЗАКОН ЗА БЪЛГАРСКАТА НАРОДНА БАНКА","https://www.ciela.net/svobodna-zona-normativi/view/2137240494/zakon-za-balgarskata-narodna-banka"
"ЗАКОН ЗА НАСЪРЧАВАНЕ НА НАУЧНИТЕ ИЗСЛЕДВАНИЯ И ИНОВАЦИИТЕ","https://www.ciela.net/svobodna-zona-normativi/view/2137242579/zakon-za-nasarchavane-na-nauchnite-izsledvaniya-i-inovatsiite"
"ЗАКОН ЗА ДЕНОНСИРАНЕ НА СПОРАЗУМЕНИЕТО МЕЖДУ ПРАВИТЕЛСТВОТО НА РЕПУБЛИКА БЪЛГАРИЯ И ПРАВИТЕЛСТВОТО НА РЕПУБЛИКА МОЛДОВА ЗА ПОДПОМАГАНЕ НА ТАРАКЛИЙСКИЯ ДЪРЖАВЕН УНИВЕРСИТЕТ, РЕПУБЛИКА МОЛДОВА","https://www.ciela.net/svobodna-zona-normativi/view/2137244606/zakon-za-denonsirane-na-sporazumenieto-mezhdu-pravitelstvoto-na-republika-balgariya-i-pravitelstvoto-na-republika-moldova-za-podpomagane-na-tarakliyskiya-darzhaven-universitet-republika-moldova"
"ЗАКОН ЗА ВЪВЕЖДАНЕ НА ЕВРОТО В РЕПУБЛИКА БЪЛГАРИЯ","https://www.ciela.net/svobodna-zona-normativi/view/2137244903/zakon-za-vavezhdane-na-evroto-v-republika-balgariya"
"ЗАКОН ЗА СЪБИРАНЕТО НА ПРИХОДИ И ИЗВЪРШВАНЕТО НА РАЗХОДИ ПРЕЗ 2025 Г. ДО ПРИЕМАНЕТО НА ЗАКОНА ЗА ДЪРЖАВНИЯ БЮДЖЕТ НА РЕПУБЛИКА БЪЛГАРИЯ ЗА 2025 Г., ЗАКОНА ЗА БЮДЖЕТА НА ДЪРЖАВНОТО ОБЩЕСТВЕНО ОСИГУРЯВАНЕ ЗА 2025 Г. И ЗАКОНА ЗА БЮДЖЕТА НА НАЦИОНАЛНАТА","https://www.ciela.net/svobodna-zona-normativi/view/2137248064/zakon-za-sabiraneto-na-prihodi-i-izvarshvaneto-na-razhodi-prez-2025-g-do-priemaneto-na-zakona-za-darzhavniya-byudzhet-na-republika-balgariya-za-2025-g-zakona-za-byudzheta-na-darzhavnoto-obshtestveno-osiguryavane-za-2025-g-i-zakona-za-byudzheta-na-natsionalnata"
"ЗАКОН ЗА ПРЕДОСТАВЯНЕ НА ФИНАНСОВА ПОДКРЕПА НА БИТОВИ КРАЙНИ КЛИЕНТИ НА ЕЛЕКТРИЧЕСКА ЕНЕРГИЯ","https://www.ciela.net/svobodna-zona-normativi/view/2137248709/zakon-za-predostavyane-na-finansova-podkrepa-na-bitovi-krayni-klienti-na-elektricheska-energiya"
"ЗАКОН ЗА БЮДЖЕТА НА НАЦИОНАЛНАТА ЗДРАВНООСИГУРИТЕЛНА КАСА ЗА 2025 Г.","https://www.ciela.net/svobodna-zona-normativi/view/2137249266/zakon-za-byudzheta-na-natsionalnata-zdravnoosiguritelna-kasa-za-2025-g"
"ЗАКОН ЗА БЮДЖЕТА НА ДЪРЖАВНОТО ОБЩЕСТВЕНО ОСИГУРЯВАНЕ ЗА 2025 Г.","https://www.ciela.net/svobodna-zona-normativi/view/2137249269/zakon-za-byudzheta-na-darzhavnoto-obshtestveno-osiguryavane-za-2025-g"
"ЗАКОН ЗА ДЪРЖАВНИЯ БЮДЖЕТ НА РЕПУБЛИКА БЪЛГАРИЯ ЗА 2025 Г.","https://www.ciela.net/svobodna-zona-normativi/view/2137249353/zakon-za-darzhavniya-byudzhet-na-republika-balgariya-za-2025-g"
"ЗАКОН ЗА ИЗИСКВАНИЯТА ЗА ДОСТЪПНОСТ НА ПРОДУКТИ И УСЛУГИ","https://www.ciela.net/svobodna-zona-normativi/view/2137249754/zakon-za-iziskvaniyata-za-dostapnost-na-produkti-i-uslugi"
"ЗАКОН ЗА ЛИЦАТА, ОБСЛУЖВАЩИ КРЕДИТИ, И КУПУВАЧИТЕ НА КРЕДИТИ","https://www.ciela.net/svobodna-zona-normativi/view/2137251183/zakon-za-litsata-obsluzhvashti-krediti-i-kupuvachite-na-krediti"
"ЗАКОН ЗА НЕСЪСТОЯТЕЛНОСТ НА ФИЗИЧЕСКИТЕ ЛИЦА","https://www.ciela.net/svobodna-zona-normativi/view/2137251610/zakon-za-nesastoyatelnost-na-fizicheskite-litsa"
"ЗАКОН ЗА ПАЗАРИТЕ НА КРИПТОАКТИВИ","https://www.ciela.net/svobodna-zona-normativi/view/2137251612/zakon-za-pazarite-na-kriptoaktivi"